{"stat.beaconInteraction":6,"stat.pickup.tconstruct.book":15,"stat.useItem.minecraft.bow":164,"stat.useItem.botania.livingwoodbow":5,"stat.pickup.botania.missilerod":3,"stat.drop.extrabotany.spearsubspace":3,"stat.leaveGame":7,"stat.pickup.mysticalagriculture.iron_essence":8645,"stat.pickup.botania.manatablet":3,"stat.pickup.minecraft.glowstone_dust":3,"stat.pickup.minecraft.porkchop":42,"stat.pickup.xreliquary.mob_ingredient":3,"stat.useItem.thermalfoundation.upgrade":6,"stat.drop.rftools.shield_block4":12,"stat.useItem.betterbuilderswands.wandunbreakable":316,"stat.pickup.botania.terrasteellegs":3,"stat.useItem.minecraft.water_bucket":103,"stat.pickup.minecraft.rotten_flesh":45,"stat.useItem.extrabotany.natureorb":32,"stat.pickup.botania.dice":4,"stat.pickup.minecraft.name_tag":14,"stat.pickup.astralsorcery.itemenchantmentamulet":72,"stat.useItem.astralsorcery.itemcoloredlens":1,"stat.pickup.techguns.t2_beret":1,"stat.useItem.extrautils2.itemcreativebuilderswand":53,"stat.killEntity.Witch":5,"stat.killEntity.CustomVillager":5,"stat.killEntity.techguns.ZombieFarmer":11,"stat.pickup.cyclicmagic.cyclic_wand_build":88,"stat.pickup.quark.tallow":40,"stat.pickup.bibliocraft.armorstand":3,"stat.useItem.redstonearsenal.tool.bow_flux":157,"stat.useItem.minecraft.spawn_egg":70,"stat.trappedChestTriggered":4,"stat.pickup.actuallyadditions.item_worm":9,"stat.pickup.thermalfoundation.material":72,"stat.pickup.actuallyadditions.item_solidified_experience":11,"stat.pickup.extrabotany.buddhistrelics":1,"stat.drop.overloaded.multi_boots":10,"stat.pickup.extrautils2.itemcreativebuilderswand":78,"stat.pickup.minecraft.skull":3,"stat.pickup.tconstruct.hand_guard":3904,"stat.drop.cyclicmagic.magnet_block":20,"stat.pickup.redstonearsenal.util.quiver_flux":101,"stat.pickup.botania.rune":5,"stat.pickup.minecraft.potion":1,"stat.pickup.techguns.tfg":79,"stat.useItem.botania.twigwand":9,"stat.pickup.botania.overgrowthseed":2,"stat.pickup.overloaded.settings_editor":27,"stat.pickup.minecraft.lever":1,"stat.deaths":6,"stat.drop.redstonearsenal.util.quiver_flux":10,"stat.playOneMinute":1071075,"stat.pickup.thermalexpansion.tank":1,"stat.useItem.botania.cobblerod":3,"stat.pickup.minecraft.beacon":3,"stat.chestOpened":69,"stat.useItem.ic2.cable":25,"stat.useItem.cyclicmagic.beacon_potion":3,"stat.pickup.minecraft.arrow":5,"stat.pickup.projectred-integration.gate":2,"stat.drop.overloaded.multi_chestplate":8,"stat.fallOneCm":2653,"stat.pickup.botania.lexicon":4,"stat.pickup.botania.terrasteelhelm":3,"stat.crouchOneCm":6785,"stat.useItem.minecraft.iron_hoe":64,"stat.killEntity.techguns.ArmySoldier":14,"stat.useItem.botania.firerod":1,"stat.drop.cyclicmagic.purple_chestplate":4,"stat.pickup.botania.terrasteelboots":3,"stat.pickup.minecraft.wheat_seeds":4,"stat.pickup.techguns.t1_miner_chestplate":1,"stat.useItem.plustic.laser_gun":10,"stat.mineBlock.minecraft.dirt":2,"stat.pickup.minecraft.record_13":1,"stat.pickup.botania.pylon":192,"stat.pickup.rftools.shield_template_block":932,"stat.pickup.mysticalagriculture.fluix_essence":385,"stat.useItem.rftools.shield_template_block":899,"stat.pickup.minecraft.redstone_block":3,"stat.pickup.overloaded.multi_leggings":60,"stat.pickup.enderio.item_dark_steel_helmet":104,"stat.pickup.botania.blacklotus":1,"stat.pickup.primal.pelt_sheep":1,"stat.pickup.rftools.shield_block4":43,"stat.pickup.cyclicmagic.beacon_potion":94,"stat.pickup.minecraft.apple":10,"stat.pickup.xreliquary.angelheart_vial":86,"stat.drop.minecraft.bow":2,"stat.pickup.minecraft.diamond_helmet":4,"stat.pickup.overloaded.multi_chestplate":74,"stat.pickup.redstonearsenal.armor.legs_flux":25,"stat.drop.draconicevolution.creative_rf_source":3,"stat.pickup.cyclicmagic.magnet_block":17,"stat.pickup.draconicevolution.creative_rf_source":50,"stat.useItem.botania.pylon":9,"stat.sneakTime":7550,"stat.pickup.minecraft.wool":1,"stat.useItem.botania.manaresource":2,"stat.pickup.integrateddynamics.variable":3,"stat.pickup.minecraft.chest":1,"stat.pickup.minecraft.lingering_potion":1,"stat.pickup.minecraft.bone":16,"stat.useItem.minecraft.diamond_sword":2,"stat.swimOneCm":4904,"stat.pickup.minecraft.enchanted_book":1,"stat.drop.rftools.smartwrench":4,"stat.drop.minecraft.cobblestone":1,"stat.killEntity.techguns.ZombieSoldier":2,"stat.pickup.techguns.boltaction":1,"stat.useItem.minecraft.dirt":1,"stat.useItem.minecraft.stone_slab2":762,"stat.pickup.botania.ancientwill":4,"stat.pickup.minecraft.bow":3,"stat.pickup.botania.terrasteelchest":3,"stat.useItem.botania.waterrod":64,"stat.drop.overloaded.settings_editor":3,"stat.useItem.notenoughwands.acceleration_wand":578,"stat.pickup.extrabotany.coregod":3,"stat.pickup.minecraft.anvil":1,"stat.useItem.thermalexpansion.machine":1,"stat.pickup.minecraft.cobblestone":1,"stat.drop.enderio.item_end_steel_helmet":1,"stat.pickup.minecraft.diamond_leggings":4,"stat.flyOneCm":666961,"stat.pickup.minecraft.glass_bottle":2,"stat.pickup.appliedenergistics2.material":131,"stat.pickup.overloaded.multi_boots":97,"stat.drop.overloaded.multi_helmet":5,"stat.pickup.minecraft.redstone":2,"stat.timeSinceDeath":135732,"stat.pickup.integrateddynamics.on_the_dynamics_of_integration":1,"stat.pickup.overloaded.multi_helmet":51,"stat.drop.betterbuilderswands.wandunbreakable":4,"stat.killEntity.techguns.SkeletonSoldier":1,"stat.pickup.projectred-transmission.wire":4,"stat.useItem.minecraft.lever":2,"stat.useItem.projectred-transmission.wire":15,"stat.drop.astralsorcery.itemrockcrystalsimple":1,"stat.pickup.botania.firerod":4,"stat.pickup.botania.manaresource":224,"stat.mineBlock.minecraft.grass":1,"stat.pickup.primal.pelt_pig":16,"stat.useItem.astralsorcery.blockmarble":105,"stat.pickup.cyclicmagic.purple_chestplate":96,"stat.pickup.extrabotany.treasurebox":12,"stat.sprintOneCm":73908,"stat.useItem.botania.lexicon":1,"stat.useItem.ic2.wrench":15,"stat.pickup.minecraft.grass":3,"stat.pickup.techguns.t1_miner_leggings":1,"stat.drop.rftools.shield_template_block":128,"stat.pickup.redstonearsenal.tool.bow_flux":98,"stat.pickup.industrialforegoing.black_hole_tank":11,"stat.pickup.minecraft.diamond_chestplate":4,"stat.drop.extrautils2.itemcreativebuilderswand":3,"stat.pickup.minecraft.spawn_egg":1,"stat.drop":116,"stat.useItem.botania.skydirtrod":1,"stat.pickup.minecraft.iron_block":192,"stat.killEntity.Zombie":23,"stat.pickup.primal.animal_fat":36,"stat.pickup.immersiveengineering.shader_bag":206,"stat.diveOneCm":1234,"stat.pickup.minecraft.wheat":17,"stat.pickup.extrabotany.natureorb":12,"stat.pickup.extrabotany.spearsubspace":6,"stat.useItem.botania.starsword":3,"stat.useItem.thermalfoundation.wrench":1,"stat.useItem.integrateddynamics.part_display_panel_item":4,"stat.pickup.astralsorcery.itemshiftingstar":1,"stat.pickup.rftools.shape_card":1,"stat.mineBlock.botania.spreader":1,"stat.drop.bibliocraft.armorstand":1,"stat.craftItem.botania.managun":2,"stat.useItem.extrabotany.failnaught":49,"stat.useItem.minecraft.potion":2,"stat.pickup.ic2.te":9,"stat.pickup.astralsorcery.itemrockcrystalsimple":1,"stat.pickup.minecraft.diamond_sword":4,"stat.pickup.rftools.smartwrench":66,"stat.jump":1405,"stat.useItem.mysticalagriculture.iron_seeds":8,"stat.pickup.minecraft.iron_ingot":4,"stat.useItem.rftools.smartwrench":1,"stat.drop.minecraft.diamond_sword":1,"stat.pickup.minecraft.gunpowder":9,"stat.pickup.minecraft.spider_eye":1,"stat.useItem.projectred-integration.gate":11,"stat.pickup.enderio.item_end_steel_helmet":124,"stat.pickup.minecraft.dirt":73,"stat.pickup.techguns.nucleardeathray":1,"stat.pickup.primal.plant_fiber":1,"stat.damageTaken":-2147481292,"stat.useItem.pressure.pipe":9,"stat.pickup.mysticalagriculture.crafting":59,"stat.pickup.botania.spreader":1,"stat.drop.redstonearsenal.tool.bow_flux":10,"stat.damageDealt":3003,"stat.useItem.immersiveengineering.metal_device1":10,"stat.drop.extrabotany.buddhistrelics":1,"stat.useItem.thermalexpansion.augment":11,"stat.pickup.minecraft.record_wait":2,"stat.killEntity.Pig":20,"stat.pickup.techguns.t3_combat_chestplate":78,"stat.useItem.minecraft.air":75,"stat.drop.redstonearsenal.armor.legs_flux":1,"stat.pickup.techguns.itemshared":25,"stat.walkOneCm":874225,"stat.pickup.minecraft.stick":5,"stat.pickup.extrabotany.terrasteelshield":3,"stat.useItem.minecraft.lava_bucket":200,"stat.useItem.minecraft.gold_ore":10,"stat.useItem.actuallyadditions.item_worm":4,"stat.pickup.betterbuilderswands.wandunbreakable":38,"stat.useItem.actuallyadditions.item_phantom_connector":6,"stat.useItem.ic2.te":19,"stat.useItem.cyclicmagic.heart_food":10,"stat.pickup.extrabotany.judahoath":3,"stat.drop.overloaded.multi_leggings":6,"stat.pickup.techguns.t2_combat_leggings":2,"stat.pickup.minecraft.gold_ingot":10,"stat.killEntity.Skeleton":12,"stat.useItem.botania.crystalbow":1,"stat.useItem.minecraft.iron_block":9,"stat.pickup.minecraft.bread":2,"stat.mobKills":171,"stat.pickup.minecraft.diamond_boots":4,"stat.pickup.xreliquary.witch_hat":1,"stat.pickup.extrautils2.itemcreativedestructionwand":107,"stat.useItem.thermaldynamics.servo":6,"stat.pickup.thaumcraft.brain":4,"stat.useItem.industrialforegoing.black_hole_tank":7}