{
  "build:8": "3.5.279",
  "format:8": "2.0.0",
  "questDatabase:9": {
    "0:10": {
      "questID:3": 0,
      "preRequisites:11": [],
      "properties:10": {
        "betterquesting:10": {
          "issilent:1": 0,
          "snd_complete:8": "minecraft:entity.player.levelup",
          "lockedprogress:1": 0,
          "tasklogic:8": "AND",
          "repeattime:3": -1,
          "simultaneous:1": 0,
          "icon:10": {
            "ForgeCaps:10": {
              "customnpcs:itemscripteddata:10": {}
            },
            "id:8": "randomthings:naturecore",
            "Count:3": 1,
            "Damage:2": 0,
            "OreDict:8": ""
          },
          "globalshare:1": 0,
          "questlogic:8": "AND",
          "partysinglereward:1": 0,
          "snd_update:8": "minecraft:entity.player.levelup",
          "autoclaim:1": 0,
          "ismain:1": 0,
          "name:8": "生命的格率",
          "desc:8": "§r§o§n§n§r§o§l§c§o§l“——纵然随意，亦为神之作品——”\n§r§l自然核心§r是由外神§lLumien§r创造的物品，它可以在周围生成木头和§r树叶，在附近的土地上生成树苗，提高动物的刷新率——虽然吾辈为你准备的这个世界并不会凭空生成动物，但你仍可以利用其获得木头。\n\n如果你已经发现了自然核心，并且熟练的合成出来摆在地上等了一会把原木砍下，那么你可以关闭这个启示然后继续你的试炼了。\n\n如果你只是做出来然后盯着这个物品发呆或者你根本就没有发现这个物品的话，你现在知道了，那么你可以关闭这个启示然后继续你的试炼了。"
        }
      },
      "tasks:9": {
        "0:10": {
          "index:3": 0,
          "taskID:8": "bq_standard:checkbox"
        }
      },
      "rewards:9": {}
    }
  },
  "questLines:9": {
    "0:10": {
      "quests:9": {
        "0:10": {
          "size:3": 24,
          "x:3": -12,
          "y:3": -12,
          "id:3": 0
        }
      },
      "lineID:3": 0,
      "properties:10": {
        "betterquesting:10": {
          "name:8": "神启",
          "bg_image:8": "",
          "bg_size:3": 256,
          "desc:8": "神为你准备了试炼，也准备了提示"
        }
      },
      "order:3": 0
    }
  },
  "questSettings:10": {
    "betterquesting:10": {
      "livesdef:3": 3,
      "pack_name:8": "",
      "home_anchor_y:5": 0.0,
      "livesmax:3": 10,
      "home_anchor_x:5": 0.5,
      "editmode:1": 0,
      "hardcore:1": 0,
      "home_image:8": "betterquesting:textures/gui/default_title.png",
      "pack_version:3": 0,
      "home_offset_x:3": -128,
      "home_offset_y:3": 0
    }
  }
}