{
  "triumph:example/example_recipe_unlocked": {
    "criteria": {
      "unlocked_recipe": "2019-02-28 03:10:55 +0800"
    },
    "done": true
  },
  "triumph:example/example_left_click_block": {
    "criteria": {
      "clickedBlock": "2019-02-12 23:48:18 +0800"
    },
    "done": true
  },
  "triumph:vanilla/story/mine_diamond": {
    "criteria": {
      "diamond": "2019-02-13 02:04:23 +0800"
    },
    "done": true
  },
  "triumph:vanilla/adventure/adventuring_time": {
    "criteria": {
      "plains": "2019-02-12 18:12:33 +0800"
    },
    "done": false
  },
  "triumph:vanilla/nether/create_beacon": {
    "criteria": {
      "beacon": "2019-02-13 01:08:46 +0800"
    },
    "done": true
  },
  "triumph:vanilla/recipes/brewing/fermented_spider_eye": {
    "criteria": {
      "has_spider_eye": "2019-02-13 01:13:08 +0800"
    },
    "done": true
  },
  "triumph:vanilla/story/smelt_iron": {
    "criteria": {
      "iron": "2019-02-12 20:44:52 +0800"
    },
    "done": true
  },
  "triumph:example/example_placed_block": {
    "criteria": {
      "placedDirt": "2019-02-13 00:59:08 +0800"
    },
    "done": true
  },
  "triumph:vanilla/recipes/brewing/brewing_stand": {
    "criteria": {
      "has_the_recipe": "2019-02-28 03:10:55 +0800"
    },
    "done": true
  },
  "triumph:vanilla/adventure/root": {
    "criteria": {
      "killed_something": "2019-02-12 20:49:47 +0800"
    },
    "done": true
  },
  "triumph:vanilla/adventure/kill_a_mob": {
    "criteria": {
      "skeleton": "2019-02-13 01:12:20 +0800"
    },
    "done": true
  },
  "triumph:example/example_location_worldtype": {
    "criteria": {
      "superflat": "2019-02-12 18:12:33 +0800"
    },
    "done": true
  },
  "triumph:vanilla/recipes/brewing/speckled_melon": {
    "criteria": {
      "has_the_recipe": "2019-02-28 03:10:55 +0800"
    },
    "done": true
  },
  "triumph:vanilla/recipes/brewing/golden_carrot": {
    "criteria": {
      "has_the_recipe": "2019-02-28 03:10:55 +0800"
    },
    "done": true
  },
  "triumph:example/root": {
    "criteria": {
      "location": "2019-02-12 18:12:33 +0800"
    },
    "done": true
  },
  "triumph:vanilla/adventure/shoot_arrow": {
    "criteria": {
      "shot_arrow": "2019-02-28 05:28:17 +0800"
    },
    "done": true
  },
  "triumph:vanilla/recipes/brewing/blaze_powder": {
    "criteria": {
      "has_the_recipe": "2019-02-28 03:10:55 +0800"
    },
    "done": true
  },
  "triumph:vanilla/recipes/brewing/magma_cream": {
    "criteria": {
      "has_the_recipe": "2019-02-28 03:10:55 +0800"
    },
    "done": true
  },
  "triumph:vanilla/recipes/brewing/glass_bottle": {
    "criteria": {
      "has_the_recipe": "2019-02-28 03:10:55 +0800"
    },
    "done": true
  },
  "triumph:vanilla/husbandry/root": {
    "criteria": {
      "consumed_item": "2019-02-28 03:51:56 +0800"
    },
    "done": true
  },
  "triumph:vanilla/story/shiny_gear": {
    "criteria": {
      "diamond_helmet": "2019-02-28 03:35:37 +0800"
    },
    "done": true
  },
  "triumph:vanilla/recipes/brewing/cauldron": {
    "criteria": {
      "has_water_bucket": "2019-02-13 00:45:16 +0800"
    },
    "done": true
  },
  "triumph:vanilla/story/lava_bucket": {
    "criteria": {
      "lava_bucket": "2019-02-13 01:24:14 +0800"
    },
    "done": true
  },
  "triumph:vanilla/adventure/kill_all_mobs": {
    "criteria": {
      "skeleton": "2019-02-13 01:12:20 +0800",
      "zombie": "2019-02-13 01:12:21 +0800",
      "witch": "2019-02-13 01:12:50 +0800"
    },
    "done": false
  },
  "triumph:vanilla/story/mine_stone": {
    "criteria": {
      "get_stone": "2019-02-28 04:00:09 +0800"
    },
    "done": true
  }
}