{"stat.beaconInteraction":9,"stat.pickup.tconstruct.book":15,"stat.useItem.minecraft.bow":218,"stat.pickup.thaumcraft.plate":5,"stat.useItem.botania.livingwoodbow":5,"stat.pickup.botania.missilerod":3,"stat.drop.extrabotany.spearsubspace":3,"stat.drop.cyclicmagic.sword_weakness":1,"stat.leaveGame":10,"stat.pickup.mysticalagriculture.iron_essence":8645,"stat.pickup.botania.manatablet":3,"stat.pickup.minecraft.glowstone_dust":3,"stat.pickup.minecraft.porkchop":42,"stat.useItem.thermalfoundation.upgrade":6,"stat.drop.rftools.shield_block4":12,"stat.useItem.betterbuilderswands.wandunbreakable":316,"stat.pickup.botania.terrasteellegs":3,"stat.useItem.minecraft.water_bucket":103,"stat.pickup.minecraft.rotten_flesh":48,"stat.drop.draconicevolution.energy_crystal":832,"stat.useItem.extrabotany.natureorb":73,"stat.pickup.botania.dice":6,"stat.pickup.minecraft.name_tag":14,"stat.pickup.astralsorcery.itemenchantmentamulet":72,"stat.pickup.tconstruct.bolt":11,"stat.drop.draconicevolution.draconic_boots":686,"stat.useItem.astralsorcery.itemcoloredlens":1,"stat.drop.tconstruct.crossbow":808,"stat.useItem.extrautils2.itemcreativebuilderswand":53,"stat.killEntity.Witch":5,"stat.pickup.cyclicmagic.cyclic_wand_build":88,"stat.mineBlock.openblocks.grave":1,"stat.pickup.bibliocraft.armorstand":3,"stat.useItem.redstonearsenal.tool.bow_flux":166,"stat.useItem.minecraft.spawn_egg":80,"stat.pickup.astralsorcery.itemjournal":16,"stat.trappedChestTriggered":8,"stat.pickup.actuallyadditions.item_worm":9,"stat.pickup.extrautils2.lawsword":10,"stat.drop.minecraft.diamond_chestplate":3,"stat.pickup.thermalfoundation.material":74,"stat.drop.draconicevolution.draconic_bow":782,"stat.pickup.actuallyadditions.item_solidified_experience":11,"stat.pickup.extrabotany.buddhistrelics":1,"stat.drop.overloaded.multi_boots":10,"stat.pickup.extrautils2.itemcreativebuilderswand":78,"stat.drop.minecraft.diamond_helmet":5,"stat.pickup.minecraft.skull":3,"stat.pickup.tconstruct.hand_guard":3904,"stat.drop.cyclicmagic.magnet_block":20,"stat.pickup.redstonearsenal.util.quiver_flux":101,"stat.pickup.botania.rune":7,"stat.pickup.minecraft.potion":1,"stat.useItem.minecraft.lingering_potion":163,"stat.useItem.botania.twigwand":9,"stat.pickup.botania.pinkinator":1,"stat.pickup.botania.overgrowthseed":2,"stat.pickup.primal.bear_meat_raw":14,"stat.pickup.overloaded.settings_editor":27,"stat.pickup.minecraft.lever":1,"stat.deaths":10,"stat.drop.redstonearsenal.util.quiver_flux":10,"stat.playOneMinute":1296404,"stat.pickup.thermalexpansion.tank":1,"stat.useItem.botania.cobblerod":3,"stat.pickup.randomthings.advanceditemcollector":8,"stat.pickup.minecraft.beacon":3,"stat.pickup.draconicevolution.draconic_chest":37,"stat.chestOpened":77,"stat.useItem.minecraft.splash_potion":7,"stat.useItem.ic2.cable":25,"stat.useItem.cyclicmagic.beacon_potion":4,"stat.pickup.minecraft.arrow":69,"stat.pickup.projectred-integration.gate":2,"stat.drop.tconstruct.longsword":14,"stat.drop.overloaded.multi_chestplate":8,"stat.fallOneCm":5096,"stat.pickup.botania.lexicon":4,"stat.pickup.botania.terrasteelhelm":3,"stat.crouchOneCm":8407,"stat.pickup.botania.recordgaia2":1,"stat.drop.draconicevolution.draconic_helm":3,"stat.useItem.minecraft.iron_hoe":64,"stat.useItem.botania.firerod":1,"stat.drop.cyclicmagic.purple_chestplate":4,"stat.pickup.botania.terrasteelboots":3,"stat.pickup.minecraft.wheat_seeds":4,"stat.useItem.plustic.laser_gun":10,"stat.mineBlock.minecraft.dirt":5,"stat.pickup.draconicevolution.draconic_bow":2,"stat.drop.primal.plant_fiber":4,"stat.pickup.minecraft.record_13":1,"stat.pickup.botania.pylon":192,"stat.pickup.rftools.shield_template_block":932,"stat.drop.extrautils2.lawsword":2365,"stat.pickup.mysticalagriculture.fluix_essence":385,"stat.drop.minecraft.lingering_potion":4,"stat.useItem.rftools.shield_template_block":899,"stat.pickup.minecraft.redstone_block":3,"stat.pickup.cyclicmagic.sword_weakness":1,"stat.pickup.overloaded.multi_leggings":60,"stat.pickup.enderio.item_dark_steel_helmet":104,"stat.pickup.botania.blacklotus":1,"stat.pickup.primal.pelt_sheep":1,"stat.pickup.rftools.shield_block4":43,"stat.pickup.cyclicmagic.beacon_potion":94,"stat.pickup.minecraft.apple":10,"stat.drop.minecraft.bow":5,"stat.drop.overloaded.railgun":2291,"stat.killEntity.PolarBear":7,"stat.pickup.minecraft.diamond_helmet":9,"stat.pickup.overloaded.multi_chestplate":74,"stat.pickup.redstonearsenal.armor.legs_flux":25,"stat.drop.draconicevolution.creative_rf_source":3,"stat.pickup.cyclicmagic.magnet_block":17,"stat.pickup.draconicevolution.creative_rf_source":50,"stat.useItem.botania.pylon":9,"stat.sneakTime":8715,"stat.pickup.minecraft.wool":1,"stat.useItem.botania.manaresource":4,"stat.drop.minecraft.grass":1,"stat.pickup.minecraft.chest":1,"stat.pickup.minecraft.lingering_potion":5,"stat.pickup.minecraft.bone":16,"stat.pickup.overloaded.railgun":1,"stat.drop.draconicevolution.draconic_legs":266,"stat.useItem.minecraft.diamond_sword":2,"stat.drop.draconicevolution.draconic_staff_of_power":2148,"stat.swimOneCm":4904,"stat.pickup.minecraft.enchanted_book":1,"stat.drop.rftools.smartwrench":4,"stat.drop.minecraft.cobblestone":1,"stat.useItem.openblocks.elevator":2,"stat.useItem.minecraft.dirt":6,"stat.useItem.minecraft.stone_slab2":762,"stat.pickup.botania.ancientwill":6,"stat.pickup.minecraft.bow":6,"stat.pickup.botania.terrasteelchest":3,"stat.useItem.randomthings.advanceditemcollector":2,"stat.useItem.botania.waterrod":64,"stat.drop.overloaded.settings_editor":3,"stat.useItem.notenoughwands.acceleration_wand":578,"stat.pickup.extrabotany.coregod":3,"stat.pickup.minecraft.anvil":1,"stat.useItem.thermalexpansion.machine":1,"stat.pickup.minecraft.cobblestone":1,"stat.drop.enderio.item_end_steel_helmet":1,"stat.pickup.minecraft.diamond_leggings":7,"stat.flyOneCm":809829,"stat.pickup.minecraft.glass_bottle":2,"stat.pickup.appliedenergistics2.material":131,"stat.pickup.minecraft.fish":8,"stat.pickup.overloaded.multi_boots":97,"stat.pickup.draconicevolution.draconic_legs":35,"stat.drop.overloaded.multi_helmet":5,"stat.pickup.minecraft.redstone":2,"stat.timeSinceDeath":1123,"stat.pickup.overloaded.multi_helmet":51,"stat.drop.betterbuilderswands.wandunbreakable":4,"stat.drop.thaumcraft.plate":3,"stat.pickup.projectred-transmission.wire":4,"stat.useItem.minecraft.lever":2,"stat.drop.plustic.laser_gun":737,"stat.pickup.draconicevolution.draconic_helm":37,"stat.pickup.plustic.laser_gun":2,"stat.useItem.projectred-transmission.wire":15,"stat.drop.astralsorcery.itemrockcrystalsimple":1,"stat.pickup.botania.firerod":4,"stat.pickup.botania.manaresource":297,"stat.mineBlock.minecraft.grass":5,"stat.pickup.primal.pelt_pig":16,"stat.useItem.astralsorcery.blockmarble":105,"stat.pickup.draconicevolution.energy_crystal":2560,"stat.pickup.cyclicmagic.purple_chestplate":96,"stat.pickup.extrabotany.treasurebox":18,"stat.sprintOneCm":172237,"stat.useItem.botania.lexicon":1,"stat.useItem.ic2.wrench":15,"stat.pickup.minecraft.grass":4,"stat.drop.rftools.shield_template_block":128,"stat.pickup.draconicevolution.draconic_staff_of_power":59,"stat.pickup.redstonearsenal.tool.bow_flux":98,"stat.pickup.industrialforegoing.black_hole_tank":11,"stat.pickup.minecraft.diamond_chestplate":7,"stat.drop.extrautils2.itemcreativebuilderswand":3,"stat.pickup.minecraft.spawn_egg":1,"stat.drop":13750,"stat.useItem.botania.skydirtrod":1,"stat.drop.draconicevolution.draconic_chest":4,"stat.drop.enderio.item_soul_vial":349,"stat.pickup.minecraft.iron_block":192,"stat.useItem.tconstruct.crossbow":1,"stat.killEntity.Zombie":24,"stat.pickup.primal.animal_fat":64,"stat.pickup.immersiveengineering.shader_bag":218,"stat.diveOneCm":1234,"stat.pickup.minecraft.wheat":17,"stat.pickup.extrabotany.natureorb":14,"stat.pickup.extrabotany.spearsubspace":6,"stat.useItem.botania.starsword":3,"stat.killEntity.BrainyZombie":1,"stat.useItem.thermalfoundation.wrench":1,"stat.pickup.astralsorcery.itemshiftingstar":1,"stat.pickup.rftools.shape_card":1,"stat.mineBlock.botania.spreader":1,"stat.drop.bibliocraft.armorstand":1,"stat.craftItem.botania.managun":2,"stat.useItem.extrabotany.failnaught":49,"stat.useItem.minecraft.potion":2,"stat.pickup.ic2.te":9,"stat.pickup.astralsorcery.itemrockcrystalsimple":1,"stat.pickup.minecraft.diamond_sword":4,"stat.pickup.rftools.smartwrench":66,"stat.drop.plustic.katana":3020,"stat.jump":1693,"stat.useItem.mysticalagriculture.iron_seeds":8,"stat.pickup.minecraft.iron_ingot":4,"stat.useItem.rftools.smartwrench":1,"stat.drop.minecraft.diamond_sword":1,"stat.pickup.minecraft.gunpowder":9,"stat.pickup.minecraft.spider_eye":1,"stat.useItem.projectred-integration.gate":11,"stat.pickup.enderio.item_end_steel_helmet":124,"stat.pickup.thaumcraft.plank_greatwood":4,"stat.pickup.minecraft.dirt":80,"stat.boatOneCm":2490,"stat.pickup.tconstruct.crossbow":7,"stat.pickup.draconicevolution.draconic_boots":29,"stat.pickup.primal.plant_fiber":62,"stat.damageTaken":-2147478107,"stat.useItem.pressure.pipe":9,"stat.pickup.mysticalagriculture.crafting":74,"stat.pickup.botania.spreader":1,"stat.drop.redstonearsenal.tool.bow_flux":10,"stat.damageDealt":13310,"stat.useItem.immersiveengineering.metal_device1":10,"stat.drop.extrabotany.buddhistrelics":1,"stat.useItem.thermalexpansion.augment":11,"stat.pickup.minecraft.record_wait":2,"stat.killEntity.Pig":20,"stat.useItem.minecraft.air":149,"stat.drop.redstonearsenal.armor.legs_flux":1,"stat.walkOneCm":1195574,"stat.pickup.minecraft.stick":5,"stat.drop.tconstruct.bolt":223,"stat.pickup.extrabotany.terrasteelshield":3,"stat.useItem.minecraft.lava_bucket":200,"stat.useItem.minecraft.gold_ore":10,"stat.pickup.plustic.katana":4,"stat.useItem.actuallyadditions.item_worm":4,"stat.pickup.betterbuilderswands.wandunbreakable":38,"stat.useItem.enderio.item_soul_vial":68,"stat.useItem.actuallyadditions.item_phantom_connector":6,"stat.useItem.ic2.te":19,"stat.useItem.cyclicmagic.heart_food":10,"stat.pickup.extrabotany.judahoath":3,"stat.drop.overloaded.multi_leggings":6,"stat.pickup.primal.pelt_bear_polar":7,"stat.drop.minecraft.diamond_leggings":3,"stat.pickup.minecraft.gold_ingot":10,"stat.killEntity.Skeleton":12,"stat.useItem.botania.crystalbow":1,"stat.useItem.minecraft.iron_block":9,"stat.pickup.minecraft.bread":2,"stat.pickup.extrautils2.playerchest":3,"stat.mobKills":208,"stat.drop.minecraft.diamond_boots":6,"stat.pickup.minecraft.diamond_boots":10,"stat.useItem.minecraft.boat":17,"stat.pickup.extrautils2.itemcreativedestructionwand":107,"stat.useItem.thermaldynamics.servo":6,"stat.pickup.thaumcraft.brain":5,"stat.useItem.industrialforegoing.black_hole_tank":7}