{"stat.useItem.chiselsandbits.chiseled_wood":15,"stat.leaveGame":16,"stat.useItem.malisisdoors.forcefielditem":24,"stat.drop.minecraft.feather":1,"stat.useItem.chisel.tyrian":2,"stat.useItem.betterbuilderswands.wandunbreakable":111,"stat.useItem.buildinggadgets.exchangertool":539,"stat.pickup.minecraft.splash_potion":1,"stat.pickup.rftools.creative_screen":23,"stat.useItem.xtones.zane":19,"stat.useItem.bibliocraft.biblioclipboard":11,"stat.useItem.rftools.shape_card":5,"stat.useItem.customnpcs.npcsoulstonefilled":60,"stat.pickup.minecraft.bucket":72,"stat.useItem.extrautils2.itemcreativebuilderswand":1382,"stat.mineBlock.minecraft.sand":16,"stat.pickup.immersiveengineering.wirecoil":144,"stat.useItem.rftools.fluid_module":10,"stat.useItem.ceramics.clay_wall":2,"stat.useItem.rftools.storage_control_module":19,"stat.pickup.fairylights.letter_bunting":2,"stat.mineBlock.chisel.glassdyedlightblue":1235,"stat.useItem.immersiveengineering.connector":265,"stat.pickup.extrautils2.enderlilly":2,"stat.useItem.extrautils2.pipe":1,"stat.useItem.chisel.glassdyedwhite":1,"stat.useItem.chiselsandbits.chiseled_grass":8,"stat.pickup.fairylights.hanging_lights":21,"stat.useItem.chisel.glassdyedlightblue":1095,"stat.useItem.rftools.creative_screen":12,"stat.useItem.xtones.korp":9165,"stat.pickup.rftools.screen":1,"stat.pickup.bibliocraft.furniturepaneler":1,"stat.pickup.chiselsandbits.chiseled_rock":2,"stat.useItem.xtones.zoea":3,"stat.useItem.chiselsandbits.chiseled_rock":819,"stat.drop.extrautils2.passivegenerator":1,"stat.pickup.minecraft.lever":1,"stat.pickup.minecraft.egg":3,"stat.playOneMinute":3515139,"stat.useItem.bibliocraft.tapemeasure":12,"stat.useItem.xtones.kryp":2,"stat.useItem.chisel.gold":2,"stat.useItem.chisel.technical":11,"stat.chestOpened":38,"stat.useItem.minecraft.splash_potion":2168,"stat.useItem.props.props":21,"stat.pickup.rftools.text_module":16,"stat.useItem.minecraft.stone":1,"stat.useItem.minecraft.sponge":3,"stat.mineBlock.rftools.composer":2,"stat.mineBlock.xtones.vena":247,"stat.useItem.chisel.futura":4,"stat.useItem.chiselsandbits.positiveprint":217,"stat.useItem.architecturecraft.sawbench":3,"stat.crouchOneCm":330344,"stat.useItem.microblockcbe.microblock":5,"stat.drop.extrautils2.enderlilly":1,"stat.useItem.fairylights.letter_bunting":4,"stat.craftingTableInteraction":2,"stat.useItem.projectred-illumination.lamp":103,"stat.useItem.chisel.blockcobalt":6,"stat.drop.chisel.glassdyedlightblue":2,"stat.pickup.minecraft.feather":2,"stat.drop.minecraft.concrete":4,"stat.useItem.chiselsandbits.negativeprint":283,"stat.pickup.minecraft.wheat_seeds":40,"stat.useItem.extrautils2.decorativeglass":3,"stat.useItem.chisel.planks-spruce":102,"stat.pickup.fairylights.garland":1,"stat.useItem.bibliocraft.lampiron":40,"stat.pickup.malisisdoors.customdooritem":31,"stat.craftItem.fairylights.hanging_lights":64,"stat.useItem.projectred-illumination.inverted_fixture_light":51,"stat.mineBlock.xtones.bitt":2088,"stat.pickup.immersiveengineering.seed":16,"stat.useItem.bibliocraft.lampgold":2,"stat.drop.xtones.vena":2,"stat.useItem.rftools.inventory_module":1,"stat.pickup.bibliocraft.case":1,"stat.drop.immersiveengineering.tool":1,"stat.drop.minecraft.sign":1,"stat.mineBlock.xtones.glaxx":226,"stat.drop.buildinggadgets.template":1,"stat.drop.minecraft.sapling":6,"stat.pickup.chisel.planks-spruce":62,"stat.pickup.xtones.vena":1,"stat.pickup.minecraft.sapling":15,"stat.pickup.minecraft.apple":2,"stat.drop.xtones.bitt":6,"stat.pickup.rftools.composer":2,"stat.pickup.minecraft.red_flower":228,"stat.sneakTime":198460,"stat.pickup.minecraft.wool":1,"stat.useItem.chiselsandbits.tape_measure":151,"stat.pickup.immersiveengineering.connector":75,"stat.drop.minecraft.grass":2,"stat.useItem.fairylights.garland":2,"stat.pickup.minecraft.chest":2,"stat.useItem.xtones.cray":2,"stat.pickup.bibliocraft.seatback3":177,"stat.useItem.chiselsandbits.block_bit":14564,"stat.useItem.malisisdoors.curtain_cyan":2,"stat.useItem.xtones.zech":23,"stat.mineBlock.minecraft.concrete":2857,"stat.useItem.extrabitmanipulation.chiseled_chestplate":10,"stat.pickup.bibliocraft.shelf":72,"stat.useItem.bibliocraft.handdrill":120,"stat.pickup.immersiveengineering.metal_decoration1":1,"stat.useItem.immersiveengineering.metal_ladder":3,"stat.swimOneCm":125,"stat.climbOneCm":7401,"stat.useItem.xtones.bitt":6366,"stat.useItem.minecraft.dirt":1545,"stat.useItem.minecraft.stone_slab2":3503,"stat.pickup.minecraft.bow":2,"stat.mineBlock.xtones.iszm":1732,"stat.useItem.chisel.limestone1":2,"stat.flyOneCm":44978063,"stat.useItem.chiselsandbits.chiseled_iron":1,"stat.useItem.chisel.wool_cyan":3,"stat.drop.minecraft.wheat_seeds":3,"stat.pickup.architecturecraft.shape":3,"stat.timeSinceDeath":3515139,"stat.pickup.minecraft.mutton":2,"stat.drop.quark.crystal":1,"stat.pickup.chiselsandbits.block_bit":13,"stat.useItem.fairylights.tinsel":5,"stat.useItem.minecraft.lever":14,"stat.useItem.chiselsandbits.chiseled_glass":206,"stat.drop.minecraft.dirt":1,"stat.useItem.architecturecraft.shape":181,"stat.useItem.xtones.agon":45,"stat.useItem.chisel.concrete_lightgray":2,"stat.drop.xtones.iszm":1,"stat.sprintOneCm":2401432,"stat.pickup.immersiveengineering.tool":1,"stat.useItem.xtones.vena":53,"stat.useItem.fairylights.hanging_lights":46,"stat.useItem.immersiveengineering.wirecoil":755,"stat.pickup.fairylights.tinsel":3,"stat.useItem.xtones.azur":3,"stat.drop":63,"stat.useItem.chisel.glowstone":7,"stat.useItem.chisel.glassdyedcyan":4,"stat.killEntity.Sheep":2,"stat.useItem.chisel.planks-dark-oak":4,"stat.useItem.buildinggadgets.buildingtool":222,"stat.mineBlock.rftools.creative_screen":23,"stat.useItem.xtones.iszm":315,"stat.useItem.immersiveengineering.tool":196,"stat.pickup.minecraft.sign":2,"stat.pickup.quark.glass_item_frame":1,"stat.mineBlock.xtones.korp":1028,"stat.useItem.immersiveengineering.metal_decoration1_slab":50,"stat.mineBlock.rftools.screen":1,"stat.drop.minecraft.apple":1,"stat.useItem.immersiveengineering.metal_decoration1":266,"stat.jump":25222,"stat.useItem.rftools.smartwrench":38,"stat.useItem.extrabitmanipulation.bit_wrench":1140,"stat.drop.chiselsandbits.negativeprint":7,"stat.useItem.xtones.zyth":4,"stat.pickup.malisisdoors.laboratory_door":4,"stat.pickup.minecraft.written_book":441,"stat.drop.minecraft.stone_button":1,"stat.useItem.customnpcs.npcwand":24,"stat.pickup.minecraft.concrete":185,"stat.useItem.immersiveengineering.metal_device0":33,"stat.damageDealt":338,"stat.useItem.immersiveengineering.metal_device1":136,"stat.useItem.rftools.dump_module":1,"stat.useItem.xtones.glaxx":242,"stat.useItem.customnpcs.npcmobcloner":1,"stat.useItem.chisel.glowstone1":4,"stat.useItem.minecraft.air":472,"stat.walkOneCm":3469982,"stat.drop.xtones.korp":10,"stat.useItem.chisel.lapis":2,"stat.pickup.minecraft.stone":1536,"stat.useItem.extrautils2.compoundbow":32,"stat.drop.minecraft.egg":3,"stat.pickup.xtones.korp":3,"stat.useItem.minecraft.concrete":9464,"stat.drop.chiselsandbits.chiseled_glass":4,"stat.mobKills":2,"stat.pickup.bibliocraft.biblioclipboard":10,"stat.useItem.immersiveengineering.steel_scaffolding_stairs1":34,"stat.useItem.rftools.elevator_button_module":8,"stat.pickup.props.props":1,"stat.useItem.minecraft.map":2,"stat.useItem.malisisdoors.customdooritem":24,"stat.mineBlock.minecraft.stone":134,"stat.drop.fairylights.hanging_lights":3}