<galaxy>
	<star name="Sol" temp="100" x="0" y="0" size="1.0" numPlanets="0" numGasGiants="0" >
		<planet name="Earth" DIMID="0" dimMapping="">
			<isKnown>true</isKnown>
			<fogColor>1.0,1.0,1.0</fogColor>
			<skyColor>1.0,1.0,1.0</skyColor>
			<gravitationalMultiplier>100</gravitationalMultiplier>
			<orbitalDistance>100</orbitalDistance>
			<orbitalPhi>0</orbitalPhi>
			<rotationalPeriod>24000</rotationalPeriod>
			<atmosphereDensity>100</atmosphereDensity>
			<planet name="Luna" DIMID="3">
				<isKnown>false</isKnown>
				<fogColor>1.0,1.0,1.0</fogColor>
				<skyColor>1.0,1.0,1.0</skyColor>
				<gravitationalMultiplier>16</gravitationalMultiplier>
				<orbitalDistance>150</orbitalDistance>
				<orbitalPhi>0</orbitalPhi>
				<rotationalPeriod>128000</rotationalPeriod>
				<atmosphereDensity>0</atmosphereDensity>
				<biomeIds>advancedrocketry:moon,advancedrocketry:moondark</biomeIds>
			</planet>
		</planet>
		<planet name="Sol-17" DIMID="17">
			<isKnown>false</isKnown>
			<fogColor>1.0,1.0,1.0</fogColor>
			<skyColor>0.8,0.91325104,0.1908418</skyColor>
			<gravitationalMultiplier>130</gravitationalMultiplier>
			<orbitalDistance>12</orbitalDistance>
			<orbitalPhi>0</orbitalPhi>
			<rotationalPeriod>10923</rotationalPeriod>
			<atmosphereDensity>86</atmosphereDensity>
			<biomeIds>minecraft:mutated_mesa,minecraft:frozen_ocean,minecraft:mutated_savanna,minecraft:mutated_mesa_rock,minecraft:mutated_savanna_rock</biomeIds>
			<planet name="Sol-17: 0" DIMID="18">
				<isKnown>false</isKnown>
				<fogColor>1.0,1.0,1.0</fogColor>
				<skyColor>0.44316077,0.8120462,1.0</skyColor>
				<gravitationalMultiplier>70</gravitationalMultiplier>
				<orbitalDistance>105</orbitalDistance>
				<orbitalPhi>0</orbitalPhi>
				<rotationalPeriod>69970</rotationalPeriod>
				<atmosphereDensity>24</atmosphereDensity>
				<seaLevel>80</seaLevel>
				<biomeIds>advancedrocketry:moon,advancedrocketry:moondark</biomeIds>
			</planet>
			<planet name="Sol-17: 1" DIMID="19">
				<isKnown>false</isKnown>
				<fogColor>1.0,1.0,1.0</fogColor>
				<skyColor>0.07408631,0.717283,1.0</skyColor>
				<gravitationalMultiplier>70</gravitationalMultiplier>
				<orbitalDistance>159</orbitalDistance>
				<orbitalPhi>0</orbitalPhi>
				<rotationalPeriod>69970</rotationalPeriod>
				<atmosphereDensity>22</atmosphereDensity>
				<seaLevel>75</seaLevel>
				<biomeIds>advancedrocketry:moon,advancedrocketry:moondark</biomeIds>
				<oceanBlock>advancedrocketry:oxygenfluid</oceanBlock>
			</planet>
			<oceanBlock>minecraft:lava</oceanBlock>
		</planet>
		<planet name="Sol-4" DIMID="4">
			<isKnown>false</isKnown>
			<GasGiant>true</GasGiant>
			<gas>nitrogen</gas>
			<gas>hydrogen</gas>
			<gas>oxygen</gas>
			<fogColor>1.0,1.0,1.0</fogColor>
			<skyColor>1.0,1.0,1.0</skyColor>
			<gravitationalMultiplier>104</gravitationalMultiplier>
			<orbitalDistance>200</orbitalDistance>
			<orbitalPhi>0</orbitalPhi>
			<rotationalPeriod>24000</rotationalPeriod>
			<atmosphereDensity>196</atmosphereDensity>
			<planet name="Sol-4: 0" DIMID="5">
				<isKnown>false</isKnown>
				<fogColor>1.0,1.0,1.0</fogColor>
				<skyColor>0.0,0.66141635,1.0</skyColor>
				<gravitationalMultiplier>41</gravitationalMultiplier>
				<orbitalDistance>194</orbitalDistance>
				<orbitalPhi>-3</orbitalPhi>
				<rotationalPeriod>348224</rotationalPeriod>
				<atmosphereDensity>27</atmosphereDensity>
				<biomeIds>minecraft:mesa_clear_rock,minecraft:mutated_mesa,thaumcraft:magical_forest,minecraft:roofed_forest,minecraft:desert</biomeIds>
			</planet>
			<planet name="Sol-4: 1" DIMID="6">
				<isKnown>false</isKnown>
				<fogColor>1.0,1.0,1.0</fogColor>
				<skyColor>0.11531061,0.9080186,1.0</skyColor>
				<gravitationalMultiplier>67</gravitationalMultiplier>
				<orbitalDistance>145</orbitalDistance>
				<orbitalPhi>-1</orbitalPhi>
				<rotationalPeriod>79797</rotationalPeriod>
				<atmosphereDensity>14</atmosphereDensity>
				<seaLevel>75</seaLevel>
				<biomeIds>advancedrocketry:moon,advancedrocketry:moondark</biomeIds>
				<oceanBlock>advancedrocketry:oxygenfluid</oceanBlock>
			</planet>
		</planet>
		<planet name="Sol-20" DIMID="20">
			<isKnown>false</isKnown>
			<fogColor>1.0,1.0,1.0</fogColor>
			<skyColor>0.25683266,0.87858576,1.0</skyColor>
			<gravitationalMultiplier>104</gravitationalMultiplier>
			<orbitalDistance>102</orbitalDistance>
			<orbitalPhi>3</orbitalPhi>
			<rotationalPeriod>20150</rotationalPeriod>
			<atmosphereDensity>0</atmosphereDensity>
			<biomeIds>advancedrocketry:moon,advancedrocketry:moondark</biomeIds>
			<planet name="Sol-20: 0" DIMID="21">
				<isKnown>false</isKnown>
				<fogColor>1.0,1.0,1.0</fogColor>
				<skyColor>0.4129901,0.6942592,1.0</skyColor>
				<gravitationalMultiplier>33</gravitationalMultiplier>
				<orbitalDistance>130</orbitalDistance>
				<orbitalPhi>2</orbitalPhi>
				<rotationalPeriod>667835</rotationalPeriod>
				<atmosphereDensity>35</atmosphereDensity>
				<biomeIds>minecraft:mushroom_island,minecraft:stone_beach,thaumcraft:magical_forest,minecraft:mushroom_island_shore,minecraft:mutated_mesa</biomeIds>
			</planet>
			<planet name="Sol-20: 1" DIMID="22">
				<isKnown>false</isKnown>
				<fogColor>1.0,1.0,1.0</fogColor>
				<skyColor>0.0,0.553174,1.0</skyColor>
				<gravitationalMultiplier>75</gravitationalMultiplier>
				<orbitalDistance>196</orbitalDistance>
				<orbitalPhi>-6</orbitalPhi>
				<rotationalPeriod>56888</rotationalPeriod>
				<atmosphereDensity>35</atmosphereDensity>
				<biomeIds>minecraft:mutated_forest,minecraft:mutated_plains,advancedrocketry:alien forest,minecraft:mushroom_island,minecraft:jungle_edge</biomeIds>
			</planet>
			<planet name="Sol-20: 2" DIMID="23">
				<isKnown>false</isKnown>
				<fogColor>1.0,1.0,1.0</fogColor>
				<skyColor>0.074468195,0.96788037,1.0</skyColor>
				<gravitationalMultiplier>30</gravitationalMultiplier>
				<orbitalDistance>169</orbitalDistance>
				<orbitalPhi>4</orbitalPhi>
				<rotationalPeriod>888888</rotationalPeriod>
				<atmosphereDensity>37</atmosphereDensity>
				<biomeIds>minecraft:extreme_hills_with_trees,minecraft:deep_ocean,thaumcraft:eldritch,minecraft:mutated_birch_forest_hills,minecraft:mutated_plains</biomeIds>
			</planet>
		</planet>
		<planet name="Sol-7" DIMID="7">
			<isKnown>false</isKnown>
			<fogColor>1.0,1.0,1.0</fogColor>
			<skyColor>0.8,0.9292536,0.0</skyColor>
			<gravitationalMultiplier>130</gravitationalMultiplier>
			<orbitalDistance>42</orbitalDistance>
			<orbitalPhi>-1</orbitalPhi>
			<rotationalPeriod>10923</rotationalPeriod>
			<atmosphereDensity>200</atmosphereDensity>
			<biomeIds>advancedrocketry:hotdryrock</biomeIds>
			<planet name="Sol-7: 0" DIMID="8">
				<isKnown>false</isKnown>
				<fogColor>1.0,1.0,1.0</fogColor>
				<skyColor>0.28147292,0.79805744,1.0</skyColor>
				<gravitationalMultiplier>48</gravitationalMultiplier>
				<orbitalDistance>150</orbitalDistance>
				<orbitalPhi>-2</orbitalPhi>
				<rotationalPeriod>217013</rotationalPeriod>
				<atmosphereDensity>34</atmosphereDensity>
				<biomeIds>minecraft:mutated_mesa_clear_rock,minecraft:forest,minecraft:beaches,minecraft:desert_hills,minecraft:savanna</biomeIds>
			</planet>
			<oceanBlock>minecraft:lava</oceanBlock>
		</planet>
		<planet name="Sol-24" DIMID="24">
			<isKnown>false</isKnown>
			<fogColor>1.0,1.0,1.0</fogColor>
			<skyColor>0.8,0.7015892,0.0</skyColor>
			<gravitationalMultiplier>130</gravitationalMultiplier>
			<orbitalDistance>90</orbitalDistance>
			<orbitalPhi>2</orbitalPhi>
			<rotationalPeriod>10923</rotationalPeriod>
			<atmosphereDensity>200</atmosphereDensity>
			<biomeIds>advancedrocketry:hotdryrock</biomeIds>
			<planet name="Sol-24: 0" DIMID="25">
				<isKnown>false</isKnown>
				<fogColor>1.0,1.0,1.0</fogColor>
				<skyColor>0.04581952,0.99847174,1.0</skyColor>
				<gravitationalMultiplier>47</gravitationalMultiplier>
				<orbitalDistance>168</orbitalDistance>
				<orbitalPhi>-4</orbitalPhi>
				<rotationalPeriod>231162</rotationalPeriod>
				<atmosphereDensity>26</atmosphereDensity>
				<biomeIds>thaumcraft:eldritch,advancedrocketry:oceanspires,minecraft:roofed_forest,minecraft:jungle_edge,advancedrocketry:marsh</biomeIds>
			</planet>
			<planet name="Sol-24: 1" DIMID="26">
				<isKnown>false</isKnown>
				<fogColor>1.0,1.0,1.0</fogColor>
				<skyColor>0.0,0.7289969,1.0</skyColor>
				<gravitationalMultiplier>47</gravitationalMultiplier>
				<orbitalDistance>175</orbitalDistance>
				<orbitalPhi>-1</orbitalPhi>
				<rotationalPeriod>231162</rotationalPeriod>
				<atmosphereDensity>14</atmosphereDensity>
				<seaLevel>76</seaLevel>
				<biomeIds>advancedrocketry:moon,advancedrocketry:moondark</biomeIds>
				<oceanBlock>advancedrocketry:oxygenfluid</oceanBlock>
			</planet>
			<oceanBlock>minecraft:lava</oceanBlock>
		</planet>
		<planet name="Sol-9" DIMID="9">
			<isKnown>false</isKnown>
			<fogColor>1.0,1.0,1.0</fogColor>
			<skyColor>0.8,0.7242334,0.513434</skyColor>
			<gravitationalMultiplier>92</gravitationalMultiplier>
			<orbitalDistance>134</orbitalDistance>
			<orbitalPhi>1</orbitalPhi>
			<rotationalPeriod>30821</rotationalPeriod>
			<atmosphereDensity>146</atmosphereDensity>
			<biomeIds>minecraft:mushroom_island,minecraft:savanna_rock,minecraft:mutated_mesa_rock,minecraft:ocean,minecraft:plains,advancedrocketry:crystalchasms,advancedrocketry:space</biomeIds>
			<oceanBlock>minecraft:lava</oceanBlock>
		</planet>
		<planet name="Sol-10" DIMID="10">
			<isKnown>false</isKnown>
			<fogColor>1.0,1.0,1.0</fogColor>
			<skyColor>0.0,0.94788206,1.0</skyColor>
			<gravitationalMultiplier>115</gravitationalMultiplier>
			<orbitalDistance>200</orbitalDistance>
			<orbitalPhi>0</orbitalPhi>
			<rotationalPeriod>15780</rotationalPeriod>
			<atmosphereDensity>0</atmosphereDensity>
			<biomeIds>advancedrocketry:moon,advancedrocketry:moondark</biomeIds>
			<planet name="Sol-10: 0" DIMID="11">
				<isKnown>false</isKnown>
				<fogColor>1.0,1.0,1.0</fogColor>
				<skyColor>0.21146691,0.9987542,1.0</skyColor>
				<gravitationalMultiplier>39</gravitationalMultiplier>
				<orbitalDistance>159</orbitalDistance>
				<orbitalPhi>0</orbitalPhi>
				<rotationalPeriod>404592</rotationalPeriod>
				<atmosphereDensity>34</atmosphereDensity>
				<seaLevel>78</seaLevel>
				<biomeIds>minecraft:deep_ocean,minecraft:extreme_hills_with_trees,minecraft:mutated_extreme_hills,minecraft:mushroom_island,minecraft:mutated_mesa_rock</biomeIds>
			</planet>
			<planet name="Sol-10: 1" DIMID="12">
				<isKnown>false</isKnown>
				<fogColor>1.0,1.0,1.0</fogColor>
				<skyColor>0.0,0.64559245,1.0</skyColor>
				<gravitationalMultiplier>56</gravitationalMultiplier>
				<orbitalDistance>180</orbitalDistance>
				<orbitalPhi>-4</orbitalPhi>
				<rotationalPeriod>136661</rotationalPeriod>
				<atmosphereDensity>29</atmosphereDensity>
				<biomeIds>minecraft:mutated_savanna_rock,minecraft:mutated_swampland,minecraft:mesa_clear_rock,advancedrocketry:alien forest,minecraft:mutated_extreme_hills_with_trees</biomeIds>
			</planet>
		</planet>
		<planet name="Sol-27" DIMID="27">
			<isKnown>false</isKnown>
			<fogColor>1.0,1.0,1.0</fogColor>
			<skyColor>0.8,0.6490058,0.95946133</skyColor>
			<gravitationalMultiplier>130</gravitationalMultiplier>
			<orbitalDistance>145</orbitalDistance>
			<orbitalPhi>0</orbitalPhi>
			<rotationalPeriod>10923</rotationalPeriod>
			<atmosphereDensity>109</atmosphereDensity>
			<biomeIds>minecraft:ice_flats</biomeIds>
			<planet name="Sol-27: 0" DIMID="28">
				<isKnown>false</isKnown>
				<hasRings>true</hasRings>
				<ringColor>0.4562779,0.52486765,1.0</ringColor>
				<fogColor>1.0,1.0,1.0</fogColor>
				<skyColor>0.4562779,0.52486765,1.0</skyColor>
				<gravitationalMultiplier>66</gravitationalMultiplier>
				<orbitalDistance>109</orbitalDistance>
				<orbitalPhi>-2</orbitalPhi>
				<rotationalPeriod>83479</rotationalPeriod>
				<atmosphereDensity>29</atmosphereDensity>
				<biomeIds>advancedrocketry:deepswamp,minecraft:jungle_hills,thaumcraft:eerie,minecraft:extreme_hills_with_trees,minecraft:mutated_jungle_edge</biomeIds>
			</planet>
		</planet>
		<planet name="Sol-13" DIMID="13">
			<isKnown>false</isKnown>
			<fogColor>1.0,1.0,1.0</fogColor>
			<skyColor>0.8,0.6118641,0.29256952</skyColor>
			<gravitationalMultiplier>130</gravitationalMultiplier>
			<orbitalDistance>115</orbitalDistance>
			<orbitalPhi>-2</orbitalPhi>
			<rotationalPeriod>10923</rotationalPeriod>
			<atmosphereDensity>156</atmosphereDensity>
			<biomeIds>minecraft:mushroom_island</biomeIds>
			<planet name="Sol-13: 2" DIMID="16">
				<isKnown>false</isKnown>
				<fogColor>1.0,1.0,1.0</fogColor>
				<skyColor>0.5223887,0.8217666,1.0</skyColor>
				<gravitationalMultiplier>68</gravitationalMultiplier>
				<orbitalDistance>111</orbitalDistance>
				<orbitalPhi>0</orbitalPhi>
				<rotationalPeriod>76328</rotationalPeriod>
				<atmosphereDensity>35</atmosphereDensity>
				<biomeIds>minecraft:mutated_savanna,minecraft:mutated_mesa,minecraft:mushroom_island,minecraft:mutated_birch_forest,advancedrocketry:stormland</biomeIds>
			</planet>
			<planet name="Sol-13: 0" DIMID="14">
				<isKnown>false</isKnown>
				<fogColor>1.0,1.0,1.0</fogColor>
				<skyColor>0.15024585,0.6769269,1.0</skyColor>
				<gravitationalMultiplier>89</gravitationalMultiplier>
				<orbitalDistance>164</orbitalDistance>
				<orbitalPhi>-3</orbitalPhi>
				<rotationalPeriod>34044</rotationalPeriod>
				<atmosphereDensity>33</atmosphereDensity>
				<biomeIds>randomthings:spectral,minecraft:mutated_roofed_forest,minecraft:mutated_mesa,minecraft:savanna_rock,minecraft:mushroom_island</biomeIds>
			</planet>
			<planet name="Sol-13: 1" DIMID="15">
				<isKnown>false</isKnown>
				<fogColor>1.0,1.0,1.0</fogColor>
				<skyColor>0.49921942,0.50240755,1.0</skyColor>
				<gravitationalMultiplier>56</gravitationalMultiplier>
				<orbitalDistance>105</orbitalDistance>
				<orbitalPhi>1</orbitalPhi>
				<rotationalPeriod>136661</rotationalPeriod>
				<atmosphereDensity>28</atmosphereDensity>
				<biomeIds>minecraft:ice_flats</biomeIds>
			</planet>
			<oceanBlock>minecraft:lava</oceanBlock>
		</planet>
		<planet name="Sol-29" DIMID="29">
			<isKnown>false</isKnown>
			<fogColor>1.0,1.0,1.0</fogColor>
			<skyColor>0.6670658,0.8370522,1.0</skyColor>
			<gravitationalMultiplier>130</gravitationalMultiplier>
			<orbitalDistance>70</orbitalDistance>
			<orbitalPhi>-4</orbitalPhi>
			<rotationalPeriod>10923</rotationalPeriod>
			<atmosphereDensity>20</atmosphereDensity>
			<biomeIds>advancedrocketry:moon,advancedrocketry:moondark</biomeIds>
			<planet name="Sol-29: 0" DIMID="30">
				<isKnown>false</isKnown>
				<fogColor>1.0,1.0,1.0</fogColor>
				<skyColor>0.03313607,0.91034687,1.0</skyColor>
				<gravitationalMultiplier>50</gravitationalMultiplier>
				<orbitalDistance>178</orbitalDistance>
				<orbitalPhi>-6</orbitalPhi>
				<rotationalPeriod>192000</rotationalPeriod>
				<atmosphereDensity>31</atmosphereDensity>
				<biomeIds>minecraft:mutated_forest,minecraft:mushroom_island_shore,minecraft:plains,minecraft:mutated_plains,minecraft:extreme_hills_with_trees</biomeIds>
			</planet>
			<planet name="Sol-29: 1" DIMID="31">
				<isKnown>false</isKnown>
				<fogColor>1.0,1.0,1.0</fogColor>
				<skyColor>0.08745086,0.85159945,1.0</skyColor>
				<gravitationalMultiplier>89</gravitationalMultiplier>
				<orbitalDistance>170</orbitalDistance>
				<orbitalPhi>-4</orbitalPhi>
				<rotationalPeriod>34044</rotationalPeriod>
				<atmosphereDensity>34</atmosphereDensity>
				<biomeIds>minecraft:mutated_desert,minecraft:mutated_mesa_rock,minecraft:mutated_birch_forest,minecraft:ocean,minecraft:mutated_mesa</biomeIds>
			</planet>
		</planet>
	</star>
	<star name="Wolf 12" temp="10" x="300" y="-200" size="1.0" numPlanets="0" numGasGiants="0" >
		<planet name="Sol-32" DIMID="32">
			<isKnown>false</isKnown>
			<fogColor>1.0,1.0,1.0</fogColor>
			<skyColor>0.8,0.8844633,0.0</skyColor>
			<gravitationalMultiplier>130</gravitationalMultiplier>
			<orbitalDistance>44</orbitalDistance>
			<orbitalPhi>0</orbitalPhi>
			<rotationalPeriod>10923</rotationalPeriod>
			<atmosphereDensity>192</atmosphereDensity>
			<biomeIds>advancedrocketry:hotdryrock</biomeIds>
			<planet name="Sol-32: 0" DIMID="33">
				<isKnown>false</isKnown>
				<fogColor>1.0,1.0,1.0</fogColor>
				<skyColor>0.2290104,0.82476616,1.0</skyColor>
				<gravitationalMultiplier>49</gravitationalMultiplier>
				<orbitalDistance>139</orbitalDistance>
				<orbitalPhi>1</orbitalPhi>
				<rotationalPeriod>203996</rotationalPeriod>
				<atmosphereDensity>33</atmosphereDensity>
				<biomeIds>minecraft:mesa_clear_rock,advancedrocketry:deepswamp,minecraft:smaller_extreme_hills,minecraft:mutated_plains,minecraft:mutated_extreme_hills</biomeIds>
			</planet>
			<planet name="Sol-32: 1" DIMID="34">
				<isKnown>false</isKnown>
				<fogColor>1.0,1.0,1.0</fogColor>
				<skyColor>0.0,0.5165237,1.0</skyColor>
				<gravitationalMultiplier>75</gravitationalMultiplier>
				<orbitalDistance>177</orbitalDistance>
				<orbitalPhi>-1</orbitalPhi>
				<rotationalPeriod>56888</rotationalPeriod>
				<atmosphereDensity>16</atmosphereDensity>
				<biomeIds>advancedrocketry:moon,advancedrocketry:moondark</biomeIds>
			</planet>
			<oceanBlock>minecraft:lava</oceanBlock>
		</planet>
		<planet name="Sol-35" DIMID="35">
			<isKnown>false</isKnown>
			<fogColor>1.0,1.0,1.0</fogColor>
			<skyColor>0.6592584,0.6611321,1.0</skyColor>
			<gravitationalMultiplier>130</gravitationalMultiplier>
			<orbitalDistance>115</orbitalDistance>
			<orbitalPhi>-2</orbitalPhi>
			<rotationalPeriod>10923</rotationalPeriod>
			<atmosphereDensity>54</atmosphereDensity>
			<biomeIds>minecraft:mesa_rock,minecraft:jungle_edge,minecraft:deep_ocean,minecraft:mesa,minecraft:mutated_birch_forest_hills</biomeIds>
			<planet name="Sol-35: 0" DIMID="36">
				<isKnown>false</isKnown>
				<fogColor>1.0,1.0,1.0</fogColor>
				<skyColor>0.3391857,0.54111195,1.0</skyColor>
				<gravitationalMultiplier>70</gravitationalMultiplier>
				<orbitalDistance>133</orbitalDistance>
				<orbitalPhi>-5</orbitalPhi>
				<rotationalPeriod>69970</rotationalPeriod>
				<atmosphereDensity>35</atmosphereDensity>
				<biomeIds>minecraft:desert,thaumcraft:eerie,advancedrocketry:stormland,minecraft:deep_ocean,minecraft:mushroom_island</biomeIds>
			</planet>
			<planet name="Sol-35: 1" DIMID="37">
				<isKnown>false</isKnown>
				<fogColor>1.0,1.0,1.0</fogColor>
				<skyColor>0.056625366,0.5001345,1.0</skyColor>
				<gravitationalMultiplier>75</gravitationalMultiplier>
				<orbitalDistance>146</orbitalDistance>
				<orbitalPhi>-3</orbitalPhi>
				<rotationalPeriod>56888</rotationalPeriod>
				<atmosphereDensity>19</atmosphereDensity>
				<biomeIds>advancedrocketry:moon,advancedrocketry:moondark</biomeIds>
			</planet>
		</planet>
		<planet name="Sol-38" DIMID="38">
			<isKnown>false</isKnown>
			<fogColor>1.0,1.0,1.0</fogColor>
			<skyColor>0.15625578,0.6058041,1.0</skyColor>
			<gravitationalMultiplier>126</gravitationalMultiplier>
			<orbitalDistance>174</orbitalDistance>
			<orbitalPhi>-4</orbitalPhi>
			<rotationalPeriod>11997</rotationalPeriod>
			<atmosphereDensity>50</atmosphereDensity>
			<biomeIds>minecraft:mutated_mesa_clear_rock,minecraft:extreme_hills,minecraft:mutated_jungle,thaumcraft:eldritch,randomthings:spectral</biomeIds>
			<planet name="Sol-38: 0" DIMID="39">
				<isKnown>false</isKnown>
				<fogColor>1.0,1.0,1.0</fogColor>
				<skyColor>0.0,0.78453267,1.0</skyColor>
				<gravitationalMultiplier>71</gravitationalMultiplier>
				<orbitalDistance>181</orbitalDistance>
				<orbitalPhi>0</orbitalPhi>
				<rotationalPeriod>67055</rotationalPeriod>
				<atmosphereDensity>31</atmosphereDensity>
				<biomeIds>minecraft:mutated_jungle_edge,minecraft:mutated_savanna,minecraft:mutated_birch_forest,minecraft:mutated_plains,minecraft:mutated_extreme_hills_with_trees</biomeIds>
			</planet>
			<planet name="Sol-38: 1" DIMID="40">
				<isKnown>false</isKnown>
				<fogColor>1.0,1.0,1.0</fogColor>
				<skyColor>0.0,0.7179338,1.0</skyColor>
				<gravitationalMultiplier>86</gravitationalMultiplier>
				<orbitalDistance>170</orbitalDistance>
				<orbitalPhi>2</orbitalPhi>
				<rotationalPeriod>37732</rotationalPeriod>
				<atmosphereDensity>17</atmosphereDensity>
				<seaLevel>73</seaLevel>
				<biomeIds>advancedrocketry:moon,advancedrocketry:moondark</biomeIds>
				<oceanBlock>advancedrocketry:oxygenfluid</oceanBlock>
			</planet>
			<planet name="Sol-38: 2" DIMID="41">
				<isKnown>false</isKnown>
				<fogColor>1.0,1.0,1.0</fogColor>
				<skyColor>0.02300024,0.8814268,1.0</skyColor>
				<gravitationalMultiplier>62</gravitationalMultiplier>
				<orbitalDistance>158</orbitalDistance>
				<orbitalPhi>-3</orbitalPhi>
				<rotationalPeriod>100701</rotationalPeriod>
				<atmosphereDensity>21</atmosphereDensity>
				<seaLevel>81</seaLevel>
				<biomeIds>advancedrocketry:moon,advancedrocketry:moondark</biomeIds>
			</planet>
		</planet>
		<planet name="Sol-42" DIMID="42">
			<isKnown>false</isKnown>
			<fogColor>1.0,1.0,1.0</fogColor>
			<skyColor>0.8,0.5214282,0.0</skyColor>
			<gravitationalMultiplier>130</gravitationalMultiplier>
			<orbitalDistance>104</orbitalDistance>
			<orbitalPhi>-3</orbitalPhi>
			<rotationalPeriod>10923</rotationalPeriod>
			<atmosphereDensity>198</atmosphereDensity>
			<biomeIds>advancedrocketry:hotdryrock</biomeIds>
			<oceanBlock>minecraft:lava</oceanBlock>
		</planet>
		<planet name="Sol-43" DIMID="43">
			<isKnown>false</isKnown>
			<fogColor>1.0,1.0,1.0</fogColor>
			<skyColor>0.8,0.5412867,0.0</skyColor>
			<gravitationalMultiplier>101</gravitationalMultiplier>
			<orbitalDistance>4</orbitalDistance>
			<orbitalPhi>1</orbitalPhi>
			<rotationalPeriod>23294</rotationalPeriod>
			<atmosphereDensity>111</atmosphereDensity>
			<biomeIds>advancedrocketry:hotdryrock</biomeIds>
			<oceanBlock>minecraft:lava</oceanBlock>
		</planet>
	</star>
	<star name="Epsilon ire" temp="170" x="-200" y="80" size="1.0" numPlanets="0" numGasGiants="0" >
		<planet name="Sol-51" DIMID="51">
			<isKnown>false</isKnown>
			<fogColor>1.0,1.0,1.0</fogColor>
			<skyColor>0.0,0.82337326,1.0</skyColor>
			<gravitationalMultiplier>130</gravitationalMultiplier>
			<orbitalDistance>189</orbitalDistance>
			<orbitalPhi>-2</orbitalPhi>
			<rotationalPeriod>10923</rotationalPeriod>
			<atmosphereDensity>0</atmosphereDensity>
			<biomeIds>advancedrocketry:moon,advancedrocketry:moondark</biomeIds>
		</planet>
		<planet name="Sol-52" DIMID="52">
			<isKnown>false</isKnown>
			<fogColor>1.0,1.0,1.0</fogColor>
			<skyColor>0.8,0.97082275,0.77114236</skyColor>
			<gravitationalMultiplier>88</gravitationalMultiplier>
			<orbitalDistance>144</orbitalDistance>
			<orbitalPhi>0</orbitalPhi>
			<rotationalPeriod>35217</rotationalPeriod>
			<atmosphereDensity>120</atmosphereDensity>
			<seaLevel>58</seaLevel>
			<biomeIds>minecraft:mutated_plains,minecraft:extreme_hills_with_trees,minecraft:extreme_hills,minecraft:mutated_savanna_rock,minecraft:mutated_swampland</biomeIds>
		</planet>
		<planet name="Sol-53" DIMID="53">
			<isKnown>false</isKnown>
			<fogColor>1.0,1.0,1.0</fogColor>
			<skyColor>0.8,0.8922626,0.4637646</skyColor>
			<gravitationalMultiplier>101</gravitationalMultiplier>
			<orbitalDistance>96</orbitalDistance>
			<orbitalPhi>0</orbitalPhi>
			<rotationalPeriod>23294</rotationalPeriod>
			<atmosphereDensity>118</atmosphereDensity>
			<biomeIds>minecraft:mesa,minecraft:swampland,minecraft:forest_hills,minecraft:frozen_ocean,advancedrocketry:alien forest</biomeIds>
			<planet name="Sol-53: 0" DIMID="54">
				<isKnown>false</isKnown>
				<fogColor>1.0,1.0,1.0</fogColor>
				<skyColor>0.1103546,0.5657487,1.0</skyColor>
				<gravitationalMultiplier>30</gravitationalMultiplier>
				<orbitalDistance>140</orbitalDistance>
				<orbitalPhi>-3</orbitalPhi>
				<rotationalPeriod>888888</rotationalPeriod>
				<atmosphereDensity>13</atmosphereDensity>
				<biomeIds>advancedrocketry:moon,advancedrocketry:moondark</biomeIds>
			</planet>
			<planet name="Sol-53: 1" DIMID="55">
				<isKnown>false</isKnown>
				<fogColor>1.0,1.0,1.0</fogColor>
				<skyColor>0.18994236,0.9923253,1.0</skyColor>
				<gravitationalMultiplier>26</gravitationalMultiplier>
				<orbitalDistance>159</orbitalDistance>
				<orbitalPhi>-7</orbitalPhi>
				<rotationalPeriod>1365498</rotationalPeriod>
				<atmosphereDensity>30</atmosphereDensity>
				<biomeIds>minecraft:mutated_mesa_clear_rock,minecraft:jungle,minecraft:extreme_hills_with_trees,minecraft:mutated_redwood_taiga_hills,minecraft:mutated_extreme_hills</biomeIds>
			</planet>
			<planet name="Sol-53: 2" DIMID="56">
				<isKnown>false</isKnown>
				<fogColor>1.0,1.0,1.0</fogColor>
				<skyColor>0.07352519,0.84944284,1.0</skyColor>
				<gravitationalMultiplier>31</gravitationalMultiplier>
				<orbitalDistance>146</orbitalDistance>
				<orbitalPhi>-9</orbitalPhi>
				<rotationalPeriod>805612</rotationalPeriod>
				<atmosphereDensity>14</atmosphereDensity>
				<biomeIds>advancedrocketry:moon,advancedrocketry:moondark</biomeIds>
			</planet>
			<oceanBlock>minecraft:lava</oceanBlock>
		</planet>
		<planet name="Sol-57" DIMID="57">
			<isKnown>false</isKnown>
			<fogColor>1.0,1.0,1.0</fogColor>
			<skyColor>0.46357018,0.7876328,1.0</skyColor>
			<gravitationalMultiplier>98</gravitationalMultiplier>
			<orbitalDistance>133</orbitalDistance>
			<orbitalPhi>-3</orbitalPhi>
			<rotationalPeriod>25499</rotationalPeriod>
			<atmosphereDensity>46</atmosphereDensity>
			<biomeIds>minecraft:mutated_forest,minecraft:ocean,minecraft:mutated_mesa_clear_rock,minecraft:mutated_birch_forest,minecraft:savanna_rock</biomeIds>
		</planet>
		<planet name="Sol-58" DIMID="58">
			<isKnown>false</isKnown>
			<fogColor>1.0,1.0,1.0</fogColor>
			<skyColor>0.8,0.7608564,0.0</skyColor>
			<gravitationalMultiplier>104</gravitationalMultiplier>
			<orbitalDistance>94</orbitalDistance>
			<orbitalPhi>-2</orbitalPhi>
			<rotationalPeriod>20150</rotationalPeriod>
			<atmosphereDensity>176</atmosphereDensity>
			<biomeIds>advancedrocketry:hotdryrock</biomeIds>
			<oceanBlock>minecraft:lava</oceanBlock>
		</planet>
		<planet name="Sol-44" DIMID="44">
			<isKnown>false</isKnown>
			<fogColor>1.0,1.0,1.0</fogColor>
			<skyColor>0.8,0.9164745,0.0</skyColor>
			<gravitationalMultiplier>130</gravitationalMultiplier>
			<orbitalDistance>47</orbitalDistance>
			<orbitalPhi>-7</orbitalPhi>
			<rotationalPeriod>10923</rotationalPeriod>
			<atmosphereDensity>200</atmosphereDensity>
			<biomeIds>advancedrocketry:hotdryrock</biomeIds>
			<planet name="Sol-44: 0" DIMID="45">
				<isKnown>false</isKnown>
				<fogColor>1.0,1.0,1.0</fogColor>
				<skyColor>0.17965007,0.5910466,1.0</skyColor>
				<gravitationalMultiplier>46</gravitationalMultiplier>
				<orbitalDistance>153</orbitalDistance>
				<orbitalPhi>0</orbitalPhi>
				<rotationalPeriod>246568</rotationalPeriod>
				<atmosphereDensity>31</atmosphereDensity>
				<biomeIds>minecraft:mutated_mesa,minecraft:mesa_rock,minecraft:mutated_birch_forest_hills,minecraft:mutated_mesa_rock,minecraft:mushroom_island_shore</biomeIds>
			</planet>
			<planet name="Sol-44: 1" DIMID="46">
				<isKnown>false</isKnown>
				<fogColor>1.0,1.0,1.0</fogColor>
				<skyColor>0.0,0.608873,1.0</skyColor>
				<gravitationalMultiplier>47</gravitationalMultiplier>
				<orbitalDistance>183</orbitalDistance>
				<orbitalPhi>1</orbitalPhi>
				<rotationalPeriod>231162</rotationalPeriod>
				<atmosphereDensity>20</atmosphereDensity>
				<biomeIds>advancedrocketry:moon,advancedrocketry:moondark</biomeIds>
			</planet>
			<oceanBlock>minecraft:lava</oceanBlock>
		</planet>
		<planet name="Sol-47" DIMID="47">
			<isKnown>false</isKnown>
			<fogColor>1.0,1.0,1.0</fogColor>
			<skyColor>0.8,0.6101955,0.71395075</skyColor>
			<gravitationalMultiplier>116</gravitationalMultiplier>
			<orbitalDistance>115</orbitalDistance>
			<orbitalPhi>-7</orbitalPhi>
			<rotationalPeriod>15375</rotationalPeriod>
			<atmosphereDensity>109</atmosphereDensity>
			<seaLevel>59</seaLevel>
			<biomeIds>advancedrocketry:deepswamp,minecraft:forest_hills,thaumcraft:eldritch,minecraft:mutated_jungle,minecraft:ocean</biomeIds>
			<planet name="Sol-47: 0" DIMID="48">
				<isKnown>false</isKnown>
				<fogColor>1.0,1.0,1.0</fogColor>
				<skyColor>0.18136454,0.55485916,1.0</skyColor>
				<gravitationalMultiplier>54</gravitationalMultiplier>
				<orbitalDistance>149</orbitalDistance>
				<orbitalPhi>0</orbitalPhi>
				<rotationalPeriod>152415</rotationalPeriod>
				<atmosphereDensity>28</atmosphereDensity>
				<seaLevel>61</seaLevel>
				<biomeIds>minecraft:birch_forest_hills,randomthings:spectral,minecraft:mutated_desert,minecraft:birch_forest,minecraft:mutated_mesa_clear_rock</biomeIds>
			</planet>
			<planet name="Sol-47: 1" DIMID="49">
				<isKnown>false</isKnown>
				<fogColor>1.0,1.0,1.0</fogColor>
				<skyColor>0.0,0.68290406,1.0</skyColor>
				<gravitationalMultiplier>48</gravitationalMultiplier>
				<orbitalDistance>188</orbitalDistance>
				<orbitalPhi>2</orbitalPhi>
				<rotationalPeriod>217013</rotationalPeriod>
				<atmosphereDensity>28</atmosphereDensity>
				<biomeIds>minecraft:mushroom_island,thaumcraft:eldritch,minecraft:jungle,minecraft:mutated_jungle,advancedrocketry:deepswamp</biomeIds>
			</planet>
			<planet name="Sol-47: 2" DIMID="50">
				<isKnown>false</isKnown>
				<fogColor>1.0,1.0,1.0</fogColor>
				<skyColor>0.0,0.6040573,1.0</skyColor>
				<gravitationalMultiplier>48</gravitationalMultiplier>
				<orbitalDistance>177</orbitalDistance>
				<orbitalPhi>-6</orbitalPhi>
				<rotationalPeriod>217013</rotationalPeriod>
				<atmosphereDensity>23</atmosphereDensity>
				<biomeIds>advancedrocketry:moon,advancedrocketry:moondark</biomeIds>
			</planet>
		</planet>
	</star>
	<star name="Proxima Centaurs" temp="200" x="-150" y="250" size="1.0" numPlanets="0" numGasGiants="0" >
		<planet name="Sol-59" DIMID="59">
			<isKnown>false</isKnown>
			<fogColor>1.0,1.0,1.0</fogColor>
			<skyColor>0.8,0.5725744,0.0</skyColor>
			<gravitationalMultiplier>122</gravitationalMultiplier>
			<orbitalDistance>18</orbitalDistance>
			<orbitalPhi>6</orbitalPhi>
			<rotationalPeriod>13216</rotationalPeriod>
			<atmosphereDensity>200</atmosphereDensity>
			<biomeIds>advancedrocketry:hotdryrock</biomeIds>
			<planet name="Sol-59: 0" DIMID="60">
				<isKnown>false</isKnown>
				<fogColor>1.0,1.0,1.0</fogColor>
				<skyColor>0.0,0.8052697,1.0</skyColor>
				<gravitationalMultiplier>46</gravitationalMultiplier>
				<orbitalDistance>176</orbitalDistance>
				<orbitalPhi>1</orbitalPhi>
				<rotationalPeriod>246568</rotationalPeriod>
				<atmosphereDensity>23</atmosphereDensity>
				<biomeIds>advancedrocketry:moon,advancedrocketry:moondark</biomeIds>
			</planet>
			<planet name="Sol-59: 1" DIMID="61">
				<isKnown>false</isKnown>
				<fogColor>1.0,1.0,1.0</fogColor>
				<skyColor>0.42886668,0.9784018,1.0</skyColor>
				<gravitationalMultiplier>70</gravitationalMultiplier>
				<orbitalDistance>110</orbitalDistance>
				<orbitalPhi>0</orbitalPhi>
				<rotationalPeriod>69970</rotationalPeriod>
				<atmosphereDensity>22</atmosphereDensity>
				<biomeIds>advancedrocketry:moon,advancedrocketry:moondark</biomeIds>
			</planet>
			<oceanBlock>minecraft:lava</oceanBlock>
		</planet>
		<planet name="Sol-62" DIMID="62">
			<isKnown>false</isKnown>
			<fogColor>1.0,1.0,1.0</fogColor>
			<skyColor>0.45100176,0.6519315,1.0</skyColor>
			<gravitationalMultiplier>91</gravitationalMultiplier>
			<orbitalDistance>144</orbitalDistance>
			<orbitalPhi>-7</orbitalPhi>
			<rotationalPeriod>31848</rotationalPeriod>
			<atmosphereDensity>50</atmosphereDensity>
			<biomeIds>minecraft:mutated_birch_forest_hills,minecraft:extreme_hills,minecraft:mutated_mesa,minecraft:desert_hills,minecraft:savanna</biomeIds>
		</planet>
		<planet name="Sol-63" DIMID="63">
			<isKnown>false</isKnown>
			<fogColor>1.0,1.0,1.0</fogColor>
			<skyColor>0.41138506,0.6392082,1.0</skyColor>
			<gravitationalMultiplier>107</gravitationalMultiplier>
			<orbitalDistance>132</orbitalDistance>
			<orbitalPhi>4</orbitalPhi>
			<rotationalPeriod>19591</rotationalPeriod>
			<atmosphereDensity>35</atmosphereDensity>
			<biomeIds>advancedrocketry:deepswamp,minecraft:deep_ocean,minecraft:mutated_extreme_hills,minecraft:mutated_birch_forest,minecraft:mutated_desert</biomeIds>
		</planet>
	</star>
	<star name="Magnis Vulpes" temp="70" x="-150" y="-250" size="1.0" numPlanets="0" numGasGiants="0" >
		<planet name="Sol-64" DIMID="64">
			<isKnown>false</isKnown>
			<fogColor>1.0,1.0,1.0</fogColor>
			<skyColor>0.8,0.58226854,0.0</skyColor>
			<gravitationalMultiplier>130</gravitationalMultiplier>
			<orbitalDistance>86</orbitalDistance>
			<orbitalPhi>-4</orbitalPhi>
			<rotationalPeriod>10923</rotationalPeriod>
			<atmosphereDensity>200</atmosphereDensity>
			<biomeIds>advancedrocketry:hotdryrock</biomeIds>
			<planet name="Sol-64: 0" DIMID="65">
				<isKnown>false</isKnown>
				<fogColor>1.0,1.0,1.0</fogColor>
				<skyColor>0.0,0.6892054,1.0</skyColor>
				<gravitationalMultiplier>73</gravitationalMultiplier>
				<orbitalDistance>173</orbitalDistance>
				<orbitalPhi>-6</orbitalPhi>
				<rotationalPeriod>61693</rotationalPeriod>
				<atmosphereDensity>23</atmosphereDensity>
				<seaLevel>75</seaLevel>
				<biomeIds>advancedrocketry:moon,advancedrocketry:moondark</biomeIds>
				<oceanBlock>advancedrocketry:oxygenfluid</oceanBlock>
			</planet>
			<planet name="Sol-64: 1" DIMID="66">
				<isKnown>false</isKnown>
				<fogColor>1.0,1.0,1.0</fogColor>
				<skyColor>0.33286315,0.5512692,1.0</skyColor>
				<gravitationalMultiplier>73</gravitationalMultiplier>
				<orbitalDistance>112</orbitalDistance>
				<orbitalPhi>-5</orbitalPhi>
				<rotationalPeriod>61693</rotationalPeriod>
				<atmosphereDensity>13</atmosphereDensity>
				<biomeIds>advancedrocketry:moon,advancedrocketry:moondark</biomeIds>
			</planet>
			<oceanBlock>minecraft:lava</oceanBlock>
		</planet>
		<planet name="Sol-67" DIMID="67">
			<isKnown>false</isKnown>
			<fogColor>1.0,1.0,1.0</fogColor>
			<skyColor>0.5545273,0.7054347,1.0</skyColor>
			<gravitationalMultiplier>130</gravitationalMultiplier>
			<orbitalDistance>144</orbitalDistance>
			<orbitalPhi>-2</orbitalPhi>
			<rotationalPeriod>10923</rotationalPeriod>
			<atmosphereDensity>71</atmosphereDensity>
			<biomeIds>minecraft:ice_flats</biomeIds>
			<planet name="Sol-67: 0" DIMID="68">
				<isKnown>false</isKnown>
				<fogColor>1.0,1.0,1.0</fogColor>
				<skyColor>0.0,0.76931894,1.0</skyColor>
				<gravitationalMultiplier>67</gravitationalMultiplier>
				<orbitalDistance>185</orbitalDistance>
				<orbitalPhi>4</orbitalPhi>
				<rotationalPeriod>79797</rotationalPeriod>
				<atmosphereDensity>15</atmosphereDensity>
				<biomeIds>advancedrocketry:moon,advancedrocketry:moondark</biomeIds>
			</planet>
			<planet name="Sol-67: 1" DIMID="69">
				<isKnown>false</isKnown>
				<fogColor>1.0,1.0,1.0</fogColor>
				<skyColor>0.077870846,0.8832132,1.0</skyColor>
				<gravitationalMultiplier>52</gravitationalMultiplier>
				<orbitalDistance>158</orbitalDistance>
				<orbitalPhi>-4</orbitalPhi>
				<rotationalPeriod>161206</rotationalPeriod>
				<atmosphereDensity>20</atmosphereDensity>
				<seaLevel>50</seaLevel>
				<biomeIds>advancedrocketry:moon,advancedrocketry:moondark</biomeIds>
			</planet>
		</planet>
	</star>
	<star name="Ma-Roo" temp="200" x="50" y="-250" size="1.0" numPlanets="0" numGasGiants="0" >
		<planet name="Sol-80" DIMID="80">
			<isKnown>false</isKnown>
			<fogColor>1.0,1.0,1.0</fogColor>
			<skyColor>0.19126278,0.83130145,1.0</skyColor>
			<gravitationalMultiplier>107</gravitationalMultiplier>
			<orbitalDistance>164</orbitalDistance>
			<orbitalPhi>-1</orbitalPhi>
			<rotationalPeriod>19591</rotationalPeriod>
			<atmosphereDensity>37</atmosphereDensity>
			<biomeIds>randomthings:spectral,minecraft:savanna,minecraft:mutated_forest,minecraft:mutated_savanna,minecraft:roofed_forest</biomeIds>
			<planet name="Sol-80: 0" DIMID="81">
				<isKnown>false</isKnown>
				<fogColor>1.0,1.0,1.0</fogColor>
				<skyColor>0.29815537,0.6170852,1.0</skyColor>
				<gravitationalMultiplier>77</gravitationalMultiplier>
				<orbitalDistance>158</orbitalDistance>
				<orbitalPhi>4</orbitalPhi>
				<rotationalPeriod>52570</rotationalPeriod>
				<atmosphereDensity>37</atmosphereDensity>
				<biomeIds>minecraft:mushroom_island,minecraft:mutated_extreme_hills_with_trees,minecraft:mutated_mesa,minecraft:mutated_mesa_rock,advancedrocketry:alien forest</biomeIds>
			</planet>
		</planet>
		<planet name="Sol-70" DIMID="70">
			<isKnown>false</isKnown>
			<fogColor>1.0,1.0,1.0</fogColor>
			<skyColor>0.8,0.8314884,0.0</skyColor>
			<gravitationalMultiplier>130</gravitationalMultiplier>
			<orbitalDistance>1</orbitalDistance>
			<orbitalPhi>0</orbitalPhi>
			<rotationalPeriod>10923</rotationalPeriod>
			<atmosphereDensity>184</atmosphereDensity>
			<biomeIds>advancedrocketry:hotdryrock</biomeIds>
			<planet name="Sol-70: 0" DIMID="71">
				<isKnown>false</isKnown>
				<fogColor>1.0,1.0,1.0</fogColor>
				<skyColor>0.105543435,0.57395893,1.0</skyColor>
				<gravitationalMultiplier>76</gravitationalMultiplier>
				<orbitalDistance>169</orbitalDistance>
				<orbitalPhi>-2</orbitalPhi>
				<rotationalPeriod>54672</rotationalPeriod>
				<atmosphereDensity>33</atmosphereDensity>
				<biomeIds>minecraft:mutated_redwood_taiga,minecraft:mutated_mesa,minecraft:mesa,minecraft:extreme_hills_with_trees,thaumcraft:magical_forest</biomeIds>
			</planet>
			<planet name="Sol-70: 1" DIMID="72">
				<isKnown>false</isKnown>
				<fogColor>1.0,1.0,1.0</fogColor>
				<skyColor>0.33872056,0.6169312,1.0</skyColor>
				<gravitationalMultiplier>45</gravitationalMultiplier>
				<orbitalDistance>132</orbitalDistance>
				<orbitalPhi>0</orbitalPhi>
				<rotationalPeriod>263374</rotationalPeriod>
				<atmosphereDensity>31</atmosphereDensity>
				<biomeIds>minecraft:mutated_roofed_forest,minecraft:ocean,minecraft:mutated_extreme_hills_with_trees,minecraft:plains,advancedrocketry:stormland</biomeIds>
			</planet>
			<oceanBlock>minecraft:lava</oceanBlock>
		</planet>
		<planet name="Sol-73" DIMID="73">
			<isKnown>false</isKnown>
			<fogColor>1.0,1.0,1.0</fogColor>
			<skyColor>0.8,0.64717174,0.5136502</skyColor>
			<gravitationalMultiplier>121</gravitationalMultiplier>
			<orbitalDistance>107</orbitalDistance>
			<orbitalPhi>3</orbitalPhi>
			<rotationalPeriod>13547</rotationalPeriod>
			<atmosphereDensity>125</atmosphereDensity>
			<biomeIds>minecraft:ice_flats</biomeIds>
			<oceanBlock>minecraft:lava</oceanBlock>
		</planet>
		<planet name="Sol-74" DIMID="74">
			<isKnown>false</isKnown>
			<fogColor>1.0,1.0,1.0</fogColor>
			<skyColor>0.33270353,0.80272555,1.0</skyColor>
			<gravitationalMultiplier>103</gravitationalMultiplier>
			<orbitalDistance>141</orbitalDistance>
			<orbitalPhi>-2</orbitalPhi>
			<rotationalPeriod>21963</rotationalPeriod>
			<atmosphereDensity>30</atmosphereDensity>
			<seaLevel>81</seaLevel>
			<biomeIds>minecraft:mesa_rock,advancedrocketry:deepswamp,minecraft:mutated_savanna,minecraft:deep_ocean,minecraft:birch_forest_hills</biomeIds>
			<planet name="Sol-74: 0" DIMID="75">
				<isKnown>false</isKnown>
				<fogColor>1.0,1.0,1.0</fogColor>
				<skyColor>0.0,0.6480347,1.0</skyColor>
				<gravitationalMultiplier>47</gravitationalMultiplier>
				<orbitalDistance>177</orbitalDistance>
				<orbitalPhi>1</orbitalPhi>
				<rotationalPeriod>231162</rotationalPeriod>
				<atmosphereDensity>23</atmosphereDensity>
				<biomeIds>advancedrocketry:moon,advancedrocketry:moondark</biomeIds>
			</planet>
		</planet>
		<planet name="Sol-76" DIMID="76">
			<isKnown>false</isKnown>
			<fogColor>1.0,1.0,1.0</fogColor>
			<skyColor>0.8,0.5710534,0.0</skyColor>
			<gravitationalMultiplier>123</gravitationalMultiplier>
			<orbitalDistance>85</orbitalDistance>
			<orbitalPhi>-2</orbitalPhi>
			<rotationalPeriod>12897</rotationalPeriod>
			<atmosphereDensity>200</atmosphereDensity>
			<seaLevel>76</seaLevel>
			<biomeIds>advancedrocketry:hotdryrock</biomeIds>
			<oceanBlock>minecraft:lava</oceanBlock>
		</planet>
		<planet name="Sol-77" DIMID="77">
			<isKnown>false</isKnown>
			<fogColor>1.0,1.0,1.0</fogColor>
			<skyColor>0.8,0.8728494,0.75416535</skyColor>
			<gravitationalMultiplier>104</gravitationalMultiplier>
			<orbitalDistance>97</orbitalDistance>
			<orbitalPhi>1</orbitalPhi>
			<rotationalPeriod>21335</rotationalPeriod>
			<atmosphereDensity>83</atmosphereDensity>
			<biomeIds>minecraft:desert_hills</biomeIds>
			<planet name="Sol-77: 0" DIMID="78">
				<isKnown>false</isKnown>
				<fogColor>1.0,1.0,1.0</fogColor>
				<skyColor>0.12989461,0.6118728,1.0</skyColor>
				<gravitationalMultiplier>75</gravitationalMultiplier>
				<orbitalDistance>166</orbitalDistance>
				<orbitalPhi>-4</orbitalPhi>
				<rotationalPeriod>56888</rotationalPeriod>
				<atmosphereDensity>32</atmosphereDensity>
				<biomeIds>minecraft:mutated_birch_forest,minecraft:mutated_mesa,advancedrocketry:marsh,minecraft:birch_forest_hills,minecraft:mutated_swampland</biomeIds>
			</planet>
			<planet name="Sol-77: 1" DIMID="79">
				<isKnown>false</isKnown>
				<fogColor>1.0,1.0,1.0</fogColor>
				<skyColor>0.11917853,0.932474,1.0</skyColor>
				<gravitationalMultiplier>68</gravitationalMultiplier>
				<orbitalDistance>161</orbitalDistance>
				<orbitalPhi>2</orbitalPhi>
				<rotationalPeriod>76328</rotationalPeriod>
				<atmosphereDensity>19</atmosphereDensity>
				<biomeIds>advancedrocketry:moon,advancedrocketry:moondark</biomeIds>
			</planet>
		</planet>
	</star>
	<star name="Alykitt" temp="120" x="75" y="200" size="1.0" numPlanets="0" numGasGiants="0" >
		<planet name="Sol-82" DIMID="82">
			<isKnown>false</isKnown>
			<GasGiant>true</GasGiant>
			<gas>nitrogen</gas>
			<gas>hydrogen</gas>
			<gas>oxygen</gas>
			<fogColor>1.0,1.0,1.0</fogColor>
			<skyColor>1.0,1.0,1.0</skyColor>
			<gravitationalMultiplier>130</gravitationalMultiplier>
			<orbitalDistance>200</orbitalDistance>
			<orbitalPhi>0</orbitalPhi>
			<rotationalPeriod>24000</rotationalPeriod>
			<atmosphereDensity>190</atmosphereDensity>
			<planet name="Sol-82: 0" DIMID="83">
				<isKnown>false</isKnown>
				<fogColor>1.0,1.0,1.0</fogColor>
				<skyColor>0.3383218,0.8655722,1.0</skyColor>
				<gravitationalMultiplier>48</gravitationalMultiplier>
				<orbitalDistance>126</orbitalDistance>
				<orbitalPhi>-3</orbitalPhi>
				<rotationalPeriod>217013</rotationalPeriod>
				<atmosphereDensity>29</atmosphereDensity>
				<biomeIds>minecraft:mushroom_island,advancedrocketry:oceanspires,minecraft:stone_beach,minecraft:mesa,minecraft:mutated_desert</biomeIds>
			</planet>
			<planet name="Sol-82: 1" DIMID="84">
				<isKnown>false</isKnown>
				<fogColor>1.0,1.0,1.0</fogColor>
				<skyColor>0.3090784,0.5951444,1.0</skyColor>
				<gravitationalMultiplier>63</gravitationalMultiplier>
				<orbitalDistance>129</orbitalDistance>
				<orbitalPhi>1</orbitalPhi>
				<rotationalPeriod>95981</rotationalPeriod>
				<atmosphereDensity>28</atmosphereDensity>
				<biomeIds>advancedrocketry:stormland,minecraft:mutated_extreme_hills,minecraft:forest_hills,minecraft:mutated_redwood_taiga,minecraft:extreme_hills_with_trees</biomeIds>
			</planet>
			<planet name="Sol-82: 2" DIMID="85">
				<isKnown>false</isKnown>
				<fogColor>1.0,1.0,1.0</fogColor>
				<skyColor>0.41305888,0.9570574,1.0</skyColor>
				<gravitationalMultiplier>71</gravitationalMultiplier>
				<orbitalDistance>128</orbitalDistance>
				<orbitalPhi>1</orbitalPhi>
				<rotationalPeriod>67055</rotationalPeriod>
				<atmosphereDensity>31</atmosphereDensity>
				<seaLevel>77</seaLevel>
				<biomeIds>minecraft:mutated_birch_forest_hills,minecraft:savanna_rock,minecraft:mutated_forest,advancedrocketry:marsh,minecraft:forest</biomeIds>
			</planet>
			<planet name="Sol-82: 3" DIMID="86">
				<isKnown>false</isKnown>
				<fogColor>1.0,1.0,1.0</fogColor>
				<skyColor>0.46255273,0.95621085,1.0</skyColor>
				<gravitationalMultiplier>89</gravitationalMultiplier>
				<orbitalDistance>105</orbitalDistance>
				<orbitalPhi>-2</orbitalPhi>
				<rotationalPeriod>34044</rotationalPeriod>
				<atmosphereDensity>27</atmosphereDensity>
				<biomeIds>minecraft:jungle_edge,minecraft:deep_ocean,minecraft:extreme_hills_with_trees,minecraft:mesa_rock,minecraft:mutated_jungle_edge</biomeIds>
			</planet>
		</planet>
		<planet name="Sol-87" DIMID="87">
			<isKnown>false</isKnown>
			<fogColor>1.0,1.0,1.0</fogColor>
			<skyColor>0.8,0.9448973,0.0</skyColor>
			<gravitationalMultiplier>125</gravitationalMultiplier>
			<orbitalDistance>8</orbitalDistance>
			<orbitalPhi>-1</orbitalPhi>
			<rotationalPeriod>12288</rotationalPeriod>
			<atmosphereDensity>164</atmosphereDensity>
			<biomeIds>advancedrocketry:hotdryrock</biomeIds>
			<planet name="Sol-87: 0" DIMID="88">
				<isKnown>false</isKnown>
				<fogColor>1.0,1.0,1.0</fogColor>
				<skyColor>0.0,0.96724284,1.0</skyColor>
				<gravitationalMultiplier>60</gravitationalMultiplier>
				<orbitalDistance>179</orbitalDistance>
				<orbitalPhi>0</orbitalPhi>
				<rotationalPeriod>111111</rotationalPeriod>
				<atmosphereDensity>19</atmosphereDensity>
				<seaLevel>56</seaLevel>
				<biomeIds>advancedrocketry:moon,advancedrocketry:moondark</biomeIds>
			</planet>
			<planet name="Sol-87: 1" DIMID="89">
				<isKnown>false</isKnown>
				<fogColor>1.0,1.0,1.0</fogColor>
				<skyColor>0.32012486,0.74099845,1.0</skyColor>
				<gravitationalMultiplier>75</gravitationalMultiplier>
				<orbitalDistance>134</orbitalDistance>
				<orbitalPhi>-1</orbitalPhi>
				<rotationalPeriod>56888</rotationalPeriod>
				<atmosphereDensity>28</atmosphereDensity>
				<biomeIds>minecraft:mutated_swampland,minecraft:extreme_hills,minecraft:mutated_mesa,minecraft:mutated_desert,minecraft:desert_hills</biomeIds>
			</planet>
			<oceanBlock>minecraft:lava</oceanBlock>
		</planet>
		<planet name="Sol-90" DIMID="90">
			<isKnown>false</isKnown>
			<fogColor>1.0,1.0,1.0</fogColor>
			<skyColor>0.8,0.9379319,0.9043268</skyColor>
			<gravitationalMultiplier>130</gravitationalMultiplier>
			<orbitalDistance>170</orbitalDistance>
			<orbitalPhi>-2</orbitalPhi>
			<rotationalPeriod>10923</rotationalPeriod>
			<atmosphereDensity>131</atmosphereDensity>
			<biomeIds>minecraft:mesa,minecraft:extreme_hills_with_trees,minecraft:frozen_ocean,minecraft:mutated_forest,minecraft:taiga_hills</biomeIds>
		</planet>
		<planet name="Sol-91" DIMID="91">
			<isKnown>false</isKnown>
			<fogColor>1.0,1.0,1.0</fogColor>
			<skyColor>0.14018458,0.6535882,1.0</skyColor>
			<gravitationalMultiplier>104</gravitationalMultiplier>
			<orbitalDistance>200</orbitalDistance>
			<orbitalPhi>0</orbitalPhi>
			<rotationalPeriod>20150</rotationalPeriod>
			<atmosphereDensity>70</atmosphereDensity>
			<biomeIds>minecraft:jungle_edge,thaumcraft:eerie,minecraft:mutated_savanna_rock,advancedrocketry:marsh,minecraft:mutated_birch_forest</biomeIds>
			<planet name="Sol-91: 0" DIMID="92">
				<isKnown>false</isKnown>
				<fogColor>1.0,1.0,1.0</fogColor>
				<skyColor>0.0030997396,0.57815313,1.0</skyColor>
				<gravitationalMultiplier>39</gravitationalMultiplier>
				<orbitalDistance>159</orbitalDistance>
				<orbitalPhi>-4</orbitalPhi>
				<rotationalPeriod>404592</rotationalPeriod>
				<atmosphereDensity>15</atmosphereDensity>
				<biomeIds>advancedrocketry:moon,advancedrocketry:moondark</biomeIds>
			</planet>
			<planet name="Sol-91: 1" DIMID="93">
				<isKnown>false</isKnown>
				<fogColor>1.0,1.0,1.0</fogColor>
				<skyColor>0.0,0.99326277,1.0</skyColor>
				<gravitationalMultiplier>77</gravitationalMultiplier>
				<orbitalDistance>164</orbitalDistance>
				<orbitalPhi>-2</orbitalPhi>
				<rotationalPeriod>52570</rotationalPeriod>
				<atmosphereDensity>18</atmosphereDensity>
				<biomeIds>advancedrocketry:moon,advancedrocketry:moondark</biomeIds>
			</planet>
		</planet>
	</star>
</galaxy>